"State.Name","English.Speaker","Year","State.Code","Total.Math","Total.Test.takers","Total.Verbal","Academic.Subjects.English.Average.GPA","Academic.Subjects.English.Average.Years","Academic.Subjects.Foreign.Languages.Average.GPA","Academic.Subjects.Foreign.Languages.Average.Years","Academic.Subjects.Mathematics.Average.GPA","Academic.Subjects.Mathematics.Average.Years","Family.Income.Between.20.40k.Math","Family.Income.Between.20.40k.Test.takers","Family.Income.Between.20.40k.Verbal","Family.Income.Between.40.60k.Math","Family.Income.Between.40.60k.Test.takers","Family.Income.Between.40.60k.Verbal","Family.Income.Between.60.80k.Math","Family.Income.Between.60.80k.Test.takers","Family.Income.Between.60.80k.Verbal","Family.Income.Between.80.100k.Math","Family.Income.Between.80.100k.Test.takers","Family.Income.Between.80.100k.Verbal","Family.Income.Less.than.20k.Math","Family.Income.Less.than.20k.Test.takers","Family.Income.Less.than.20k.Verbal","Family.Income.More.than.100k.Math","Family.Income.More.than.100k.Test.takers","Family.Income.More.than.100k.Verbal","Gender.Female.Test.takers","Gender.Male.Test.takers","Gender.Female.Math","Gender.Male.Math","Gender.Female.Verbal","Gender.Male.Verbal","Region"
"Alabama","0.04",2005,"AL",559,3985,567,3.53,3.9,3.54,2.6,3.41,4,513,324,527,539,442,551,550,473,564,566,475,577,462,175,474,588,980,590,2072,1913,538,582,561,574,"South"
"Alaska","0.12",2005,"AK",519,3996,523,3.35,3.9,3.34,2.1,3.06,3.5,492,401,500,517,539,522,513,603,519,528,444,534,464,191,467,541,540,544,2161,1835,505,535,521,526,"West"
"Arizona","0.29",2005,"AZ",530,18184,526,3.45,3.9,3.41,2.6,3.25,3.9,498,2121,495,520,2270,518,524,2372,523,534,1866,533,485,891,474,554,3083,546,9806,8378,513,549,522,531,"West"
"Arkansas","0.07",2005,"AR",552,1600,563,3.61,4,3.64,2.6,3.46,4.1,513,180,526,543,245,555,553,227,570,570,147,580,489,107,486,572,314,589,859,741,536,570,558,570,"South"
"California","0.44",2005,"CA",522,186552,504,3.32,3.8,3.29,2.8,3.05,3.7,477,26161,458,506,18347,494,521,17937,511,535,14120,525,451,19323,421,566,27984,551,102944,83608,504,543,499,510,"West"
"Connecticut","0.17",2005,"CT",517,34313,517,3.13,3.9,3.03,3.1,3,3.8,463,2958,467,493,3186,499,507,3772,511,523,3018,523,434,1612,426,565,5952,559,17857,16456,502,534,513,520,"Northeast"
"Colorado","0.18",2005,"CO",560,11990,560,3.49,4,3.41,3.1,3.33,3.9,533,948,535,543,1287,548,553,1550,552,562,1427,560,514,324,505,574,2662,568,6407,5583,546,577,558,561,"West"
"Delaware","0.12",2005,"DE",502,6257,503,3.21,3.9,3.18,2.7,3.07,3.8,449,762,454,481,802,487,497,833,501,512,592,510,411,373,410,554,939,550,3428,2829,486,521,498,508,"South"
"Florida","0.25",2005,"FL",498,93505,498,3.29,3.8,3.3,2.4,3.07,3.8,471,14713,473,492,12010,496,504,10455,505,516,7196,517,433,8728,431,544,10939,538,51134,42371,484,516,496,502,"South"
"Georgia","0.11",2005,"GA",496,59842,497,3.3,3.8,3.31,2.4,3.12,3.9,459,8476,462,482,7755,487,499,7377,503,516,5196,517,425,5003,423,546,8345,541,32340,27502,482,514,493,501,"South"
"Idaho","0.1",2005,"ID",542,3506,544,3.5,3.9,3.48,2.4,3.31,3.8,520,498,525,534,552,533,539,502,544,552,343,552,519,181,511,561,489,564,1835,1671,528,557,539,548,"West"
"Hawaii","0.16",2005,"HI",516,7878,490,3.21,3.9,3.31,2.5,2.98,3.8,487,1120,465,503,1175,480,512,1053,489,535,689,510,456,647,432,565,751,535,4307,3571,503,531,489,491,"West"
"Illinois","0.21",2005,"IL",606,12970,594,3.55,4,3.5,3.4,3.42,4,569,857,556,583,1154,571,595,1310,590,607,1369,601,544,373,520,622,3742,608,6756,6214,586,627,590,599,"Midwest"
"Indiana","0.08",2005,"IN",508,41553,504,3.25,3.9,3.17,2.8,3.03,3.8,478,6018,477,499,7189,496,508,6939,505,524,4260,516,451,2430,447,548,4984,538,22516,19037,491,529,498,510,"Midwest"
"Iowa","0.08",2005,"IA",608,1671,596,3.75,4.1,3.68,3.5,3.6,4,585,145,564,596,198,589,622,227,610,623,204,611,276,52,524,620,375,609,848,823,584,632,591,602,"Midwest"
"Kansas","0.11",2005,"KS",588,2667,585,3.62,4,3.57,3,3.49,3.9,558,225,554,574,267,582,585,331,580,597,321,599,537,77,508,599,676,594,1387,1280,568,610,583,588,"Midwest"
"Kentucky","0.05",2005,"KY",559,4666,561,3.57,3.9,3.57,2.9,3.46,4,520,412,528,544,544,549,553,660,557,562,543,567,500,160,479,579,1060,577,2452,2214,539,582,555,567,"South"
"Louisiana","0.05",2005,"LA",562,3290,565,3.46,4,3.46,2.8,3.34,4.1,497,366,505,549,344,563,560,397,563,574,315,581,470,203,463,598,693,594,1787,1503,544,583,557,574,"South"
"Maine","0.06",2005,"ME",505,10985,509,3.28,3.9,3.26,2.8,3.12,3.8,485,1667,491,498,1891,504,509,1633,513,524,882,527,458,746,463,547,940,544,5924,5061,487,527,504,515,"Northeast"
"Maryland","0.13",2005,"MD",515,44458,511,3.22,3.9,3.16,2.8,3.02,3.8,459,4843,455,486,4772,486,510,5117,508,530,4371,528,419,2529,413,569,8149,561,23988,20470,500,533,508,515,"South"
"Michigan","0.09",2005,"MI",579,10965,568,3.62,4,3.58,3,3.45,3.9,525,846,521,551,1176,546,571,1322,565,586,1216,576,495,414,481,605,2819,590,5787,5178,559,601,563,574,"Midwest"
"Massachusetts","0.19",2005,"MA",527,59104,520,3.13,3.9,3.08,3.1,2.99,3.9,481,5461,476,506,5890,503,517,6520,516,534,5117,530,449,3582,427,573,8154,562,31057,28047,511,545,515,525,"Northeast"
"Minnesota","0.11",2005,"MN",597,6470,592,3.65,4,3.61,3.3,3.51,4,571,380,568,571,608,576,587,738,584,599,768,595,531,140,510,612,1783,606,3491,2979,578,620,588,597,"Midwest"
"Missouri","0.06",2005,"MO",588,4413,588,3.57,4,3.55,3.2,3.47,4,531,347,533,568,433,574,576,510,588,598,444,591,514,132,495,602,1079,599,2160,2253,571,604,587,589,"Midwest"
"Mississippi","0.03",2005,"MS",554,1106,564,3.65,3.9,3.68,2.4,3.58,4,520,133,536,546,140,558,556,148,572,575,122,594,229,70,447,598,207,607,604,502,534,578,555,574,"South"
"Montana","0.04",2005,"MT",540,3326,540,3.46,4,3.43,2.3,3.24,3.8,529,570,533,534,600,539,543,499,533,551,287,543,496,173,507,568,387,552,1794,1532,526,557,535,546,"West"
"Nevada","0.29",2005,"NV",513,7065,508,3.41,3.9,3.34,2.4,3.14,3.8,488,926,484,500,933,500,509,912,506,517,683,513,471,325,458,538,1154,532,3924,3141,496,533,505,512,"West"
"Nebraska","0.11",2005,"NE",579,1684,574,3.65,4,3.57,3.3,3.5,4,535,183,546,568,239,561,583,239,578,588,218,572,270,57,507,595,335,588,925,759,557,605,566,583,"Midwest"
"New Hampshire","0.06",2005,"NH",525,12350,525,3.22,4,3.11,3,3.04,3.8,491,1200,496,505,1559,509,515,1684,518,528,1241,524,490,411,486,553,1726,548,6486,5864,508,545,521,531,"Northeast"
"New Jersey","0.24",2005,"NJ",517,81479,503,3.22,3.9,3.19,2.8,3.07,3.8,466,8261,453,497,7886,487,510,8347,500,526,7177,515,427,5398,405,565,13406,549,42609,38870,502,534,499,507,"Northeast"
"New Mexico","0.3",2005,"NM",547,2536,558,3.46,3.9,3.49,2.7,3.32,3.9,509,321,519,528,321,538,542,310,558,555,248,578,496,153,490,575,444,581,1337,1199,526,570,550,566,"West"
"New York","0.26",2005,"NY",511,154897,497,3.24,3.9,3.16,3,2.94,3.8,478,20561,467,504,16803,495,519,15321,509,530,11122,521,449,15964,422,566,16936,552,82991,71906,496,528,492,502,"Northeast"
"North Carolina","0.1",2005,"NC",511,53314,499,3.34,3.8,3.27,2.4,3.12,3.8,476,8739,466,502,8136,494,519,7137,506,534,4598,523,434,4816,420,565,6445,549,29271,24043,498,527,497,503,"South"
"North Dakota","0.06",2005,"ND",605,351,590,3.73,4,3.7,2.7,3.6,4,0,29,552,616,68,594,609,67,591,613,44,605,0,11,257,619,67,601,183,168,588,624,588,592,"Midwest"
"Ohio","0.06",2005,"OH",543,35155,539,3.41,3.9,3.34,3.1,3.28,3.9,497,3324,498,524,4480,524,539,5090,536,551,4278,545,464,1440,458,571,6957,561,18616,16539,525,564,534,544,"Midwest"
"Oklahoma","0.08",2005,"OK",563,2699,570,3.62,3.9,3.61,2.7,3.48,4,528,318,539,555,376,563,566,345,580,570,276,578,511,119,505,580,526,586,1433,1266,542,587,565,576,"South"
"Pennsylvania","0.1",2005,"PA",503,104155,501,3.31,3.9,3.25,2.8,3.15,3.9,468,14843,468,494,15819,494,509,13825,507,523,8716,521,430,6887,424,558,11830,550,55533,48622,487,522,496,506,"Northeast"
"Oregon","0.17",2005,"OR",528,19535,526,3.44,3.9,3.42,2.7,3.22,3.7,504,2815,503,516,3034,519,530,2771,530,539,1805,537,484,1245,472,559,2422,555,10530,9005,512,547,523,530,"West"
"Rhode Island","0.21",2005,"RI",505,8200,503,3.18,3.9,3.12,3.1,2.99,3.8,468,908,467,500,941,495,513,1011,514,531,759,530,421,533,411,555,1077,549,4541,3659,490,523,498,509,"Northeast"
"South Dakota","0.07",2005,"SD",589,450,589,3.69,4,3.68,2.7,3.56,4,552,70,568,584,99,588,602,70,596,599,34,595,0,22,531,634,74,633,243,207,573,609,584,594,"Midwest"
"South Carolina","0.06",2005,"SC",499,23488,494,3.24,3.9,3.23,2.6,3.09,4,469,3789,466,494,3485,492,510,3178,507,526,2048,519,429,2412,425,545,2667,535,12985,10503,485,517,490,499,"South"
"Tennessee","0.06",2005,"TN",563,7642,572,3.54,3.9,3.52,2.9,3.41,4,524,695,536,543,835,558,559,895,575,572,849,582,499,272,498,585,1819,588,4119,3523,544,585,567,579,"South"
"Utah","0.12",2005,"UT",557,2112,566,3.63,3.9,3.54,2.7,3.45,3.7,539,171,562,553,213,568,570,288,576,560,237,566,539,66,516,576,422,591,1092,1020,540,576,563,570,"West"
"Texas","0.34",2005,"TX",502,133115,493,3.36,3.9,3.34,2.6,3.19,3.7,467,21561,459,495,16346,489,510,15038,503,528,11287,521,430,15156,416,557,17814,544,71418,61697,488,519,489,498,"South"
"Vermont","0.04",2005,"VT",517,5548,521,3.29,3.9,3.17,2.8,3.09,3.8,492,760,500,505,855,512,519,797,523,539,439,539,470,292,480,558,536,551,2950,2598,502,534,518,523,"Northeast"
"Virginia","0.12",2005,"VA",511,3480,523,3.55,3.9,3.5,2.3,3.4,3.9,489,529,503,494,535,513,511,587,526,517,355,526,471,227,491,549,471,552,1919,1561,492,533,516,532,"South"
"Washington","0.17",2005,"WA",534,35020,532,3.46,3.9,3.41,2.6,3.21,3.7,501,4050,499,523,4683,523,531,4948,532,541,3579,539,481,1905,468,561,5024,556,18832,16188,518,552,529,535,"West"
"Wisconsin","0.1",2005,"WI",599,4230,592,3.64,4,3.61,3.5,3.51,4,559,339,559,591,450,580,595,591,591,608,491,602,515,139,488,618,1071,609,2223,2007,585,615,589,594,"Midwest"
"Wyoming","0.05",2005,"WY",543,656,544,3.64,3.9,3.59,2.7,3.37,3.9,506,87,509,539,119,547,553,118,546,557,77,554,0,30,474,553,75,568,389,267,530,563,542,547,"West"
"Wyoming","0.08",2006,"WY",555,570,548,3.68,3.9,3.62,2.7,3.44,3.9,537,57,563,562,89,549,559,114,548,546,76,540,244,17,237,565,85,552,287,283,546,565,551,546,"West"
"Wisconsin","0.1",2006,"WI",600,4012,587,3.68,4,3.63,3.5,3.53,4,563,289,556,589,380,584,600,522,590,609,445,598,545,127,501,619,1025,605,2052,1960,581,620,587,588,"Midwest"
"Washington","0.18",2006,"WA",532,34150,527,3.48,3.9,3.42,2.6,3.22,3.8,503,3496,501,519,4305,517,530,4729,526,539,3673,534,485,1711,473,559,5420,549,18481,15669,515,553,526,529,"West"
"Virginia","0.13",2006,"VA",512,3508,520,3.57,3.9,3.51,2.4,3.35,4,476,493,493,498,528,512,511,546,514,524,408,536,467,199,486,549,536,553,1957,1551,492,533,516,524,"South"
"Vermont","0.04",2006,"VT",519,5505,513,3.31,3.9,3.22,2.8,3.13,3.8,497,649,501,510,806,507,516,784,506,537,503,531,468,205,466,560,573,550,2888,2617,503,536,512,515,"Northeast"
"Texas","0.34",2006,"TX",506,129784,491,3.38,3.9,3.37,2.6,3.22,3.7,473,18592,458,501,14788,489,514,13787,499,531,11425,516,438,12860,422,559,19037,540,69550,60234,492,522,489,493,"South"
"Utah","0.13",2006,"UT",557,2090,560,3.65,3.9,3.56,2.8,3.46,3.7,525,135,542,566,185,573,557,252,563,576,214,586,526,49,506,572,477,575,1054,1036,538,576,557,564,"West"
"Tennessee","0.06",2006,"TN",569,7091,574,3.57,3.9,3.54,2.9,3.44,3.9,533,529,542,546,678,558,557,780,572,580,772,582,515,215,513,588,1858,589,3698,3393,551,587,571,577,"South"
"South Carolina","0.06",2006,"SC",498,23556,487,3.28,3.9,3.26,2.6,3.13,4,468,3439,462,496,3248,487,509,3062,497,526,2258,512,435,2089,424,542,2932,527,13212,10344,485,515,486,489,"South"
"South Dakota","0.06",2006,"SD",605,335,590,3.77,4,3.75,2.8,3.63,4.1,559,45,557,595,64,573,588,41,614,644,47,609,273,12,269,608,58,605,175,160,585,626,591,590,"Midwest"
"Rhode Island","0.22",2006,"RI",503,8130,496,3.19,3.9,3.13,3.1,3.02,3.8,468,800,466,494,864,489,507,906,500,523,741,517,416,463,416,555,1125,542,4334,3796,486,520,493,499,"Northeast"
"Oregon","0.18",2006,"OR",530,18357,523,3.47,3.9,3.45,2.7,3.24,3.7,506,2417,500,522,2693,518,528,2451,521,541,1807,535,487,1015,473,563,2497,553,9929,8428,512,549,521,526,"West"
"Pennsylvania","0.1",2006,"PA",500,103445,493,3.35,3.9,3.29,2.8,3.18,3.8,467,12394,465,492,14618,488,503,13385,497,521,9000,511,433,5735,429,554,12765,540,55318,48127,483,518,491,496,"Northeast"
"Oklahoma","0.09",2006,"OK",574,2549,576,3.64,3.9,3.66,2.7,3.51,4,545,245,550,562,321,570,571,326,579,575,246,590,546,107,538,588,566,587,1349,1200,556,593,575,578,"South"
"Ohio","0.06",2006,"OH",544,34970,535,3.44,3.9,3.35,3.1,3.3,3.9,505,2913,503,527,4042,524,537,4785,531,551,4168,541,463,1199,459,575,7327,558,18264,16706,526,564,532,538,"Midwest"
"North Dakota","0.05",2006,"ND",617,291,610,3.8,4.1,3.74,3,3.59,4.1,560,30,587,617,46,609,586,38,606,634,32,614,293,7,292,623,66,616,146,145,602,632,602,619,"Midwest"
"North Carolina","0.11",2006,"NC",513,52690,495,3.38,3.8,3.31,2.4,3.16,3.9,477,7605,463,507,7414,489,521,6830,501,536,4900,518,446,4088,429,562,7085,542,29010,23680,500,529,494,497,"South"
"New York","0.27",2006,"NY",511,153518,493,3.28,3.8,3.22,3,3.01,3.7,481,17581,466,506,15426,491,518,14671,502,530,11163,515,451,13495,429,569,18669,548,81960,71558,495,527,491,496,"Northeast"
"New Mexico","0.33",2006,"NM",549,2549,556,3.47,3.9,3.51,2.8,3.33,3.9,510,269,522,520,281,542,534,319,548,554,263,566,513,162,494,589,476,586,1332,1217,535,564,558,555,"West"
"New Jersey","0.25",2006,"NJ",515,82990,496,3.25,3.8,3.23,2.9,3.11,3.8,465,7260,448,495,7413,480,510,8081,494,525,7464,507,432,4617,409,563,15189,541,43385,39605,500,531,494,499,"Northeast"
"New Hampshire","0.05",2006,"NH",524,12354,520,3.25,3.9,3.14,3,3.04,3.8,491,1012,491,502,1472,504,515,1601,514,525,1282,518,466,377,471,551,1884,541,6503,5851,506,543,518,523,"Northeast"
"Nebraska","0.11",2006,"NE",585,1498,575,3.67,4,3.62,3.4,3.54,4,540,128,549,567,183,564,588,205,580,591,202,580,526,49,508,602,338,592,808,690,565,605,574,577,"Midwest"
"Nevada","0.3",2006,"NV",509,7120,498,3.44,3.9,3.36,2.4,3.14,3.8,487,899,475,501,880,491,502,867,494,513,732,508,470,304,457,531,1163,516,3959,3161,492,527,497,499,"West"
"Montana","0.05",2006,"MT",545,3024,537,3.48,3.9,3.45,2.3,3.27,3.8,546,427,532,544,534,543,553,458,541,550,285,538,516,150,514,566,350,555,1624,1400,532,559,539,536,"West"
"Mississippi","0.03",2006,"MS",545,1151,558,3.64,4,3.68,2.4,3.5,4,485,118,510,532,125,544,525,114,554,579,104,589,436,87,474,593,242,606,669,482,518,572,547,570,"South"
"Missouri","0.06",2006,"MO",591,4266,586,3.6,4,3.57,3.3,3.51,4,552,280,547,564,356,575,581,465,581,603,380,593,503,114,491,615,1111,606,2141,2125,574,608,587,586,"Midwest"
"Minnesota","0.11",2006,"MN",601,6106,591,3.68,4,3.65,3.4,3.52,4,560,371,553,583,528,584,587,668,588,601,655,592,544,128,524,616,1687,603,3346,2760,583,620,591,591,"Midwest"
"Massachusetts","0.19",2006,"MA",524,59529,513,3.15,3.9,3.12,3.1,3.03,3.8,483,4858,472,504,5502,497,514,6257,505,533,5369,521,447,3137,431,572,9241,558,31420,28109,508,542,510,516,"Northeast"
"Michigan","0.09",2006,"MI",584,10405,569,3.64,4,3.6,3,3.46,3.9,535,765,526,561,1038,553,573,1156,563,584,1133,565,510,347,494,611,2748,592,5569,4836,565,604,567,571,"Midwest"
"Maryland","0.14",2006,"MD",510,45231,503,3.24,3.8,3.19,2.8,3.04,3.8,457,3990,455,488,4293,485,504,4737,502,526,4263,521,418,2267,411,564,9132,553,24407,20824,493,527,502,505,"South"
"Maine","0.06",2006,"ME",503,10895,501,3.32,3.9,3.28,2.8,3.14,3.8,486,1428,490,498,1677,498,513,1522,510,524,916,517,450,591,457,544,1000,538,5855,5040,484,522,499,504,"Northeast"
"Louisiana","0.05",2006,"LA",573,2622,571,3.52,4,3.55,2.9,3.42,4.1,517,227,516,536,226,555,573,271,572,573,268,585,490,117,472,597,564,594,1454,1168,552,594,562,580,"South"
"Kentucky","0.04",2006,"KY",563,4417,561,3.62,3.9,3.59,2.9,3.48,3.9,526,321,531,550,456,560,552,615,555,564,493,564,518,155,491,577,986,571,2282,2135,544,582,561,562,"South"
"Kansas","0.11",2006,"KS",591,2545,582,3.61,3.9,3.58,3,3.48,3.9,576,182,563,585,245,593,591,320,588,591,312,588,514,64,489,600,666,590,1353,1192,573,609,583,581,"Midwest"
"Iowa","0.08",2006,"IA",614,1477,603,3.76,4,3.69,3.5,3.59,4,608,112,587,597,165,590,612,197,615,619,165,598,526,42,511,635,356,624,776,701,589,639,595,611,"Midwest"
"Indiana","0.08",2006,"IN",511,41568,498,3.29,3.9,3.21,2.8,3.06,3.8,482,5213,476,503,6543,492,509,6608,498,523,4489,508,456,2027,453,546,5490,529,22524,19044,492,530,494,503,"Midwest"
"Illinois","0.22",2006,"IL",609,12694,591,3.56,4,3.53,3.5,3.46,4,568,775,555,578,1049,569,598,1219,585,609,1256,594,560,312,540,626,3855,605,6677,6017,590,629,589,594,"Midwest"
"Hawaii","0.16",2006,"HI",511,7821,481,3.23,3.9,3.36,2.5,3.01,3.8,481,1004,456,495,1004,478,507,952,481,529,696,500,462,564,431,558,818,523,4392,3429,497,525,480,483,"West"
"Idaho","0.12",2006,"ID",545,3163,542,3.55,3.9,3.52,2.5,3.34,3.8,529,421,526,531,494,537,546,425,546,551,337,549,530,136,505,568,431,562,1702,1461,531,560,545,540,"West"
"Georgia","0.12",2006,"GA",496,58309,494,3.33,3.8,3.34,2.4,3.14,3.9,458,7401,460,483,7047,487,499,6858,499,517,5363,516,428,4340,426,545,8683,536,31901,26408,481,514,492,497,"South"
"Florida","0.26",2006,"FL",497,94601,496,3.31,3.8,3.33,2.5,3.08,3.8,469,13618,471,493,11377,493,503,10289,503,517,7634,516,434,7831,435,540,12510,533,51889,47702,482,515,495,497,"South"
"Delaware","0.13",2006,"DE",502,6406,495,3.24,3.9,3.18,2.7,3.08,3.8,457,724,456,481,752,476,498,822,491,519,664,513,414,343,414,549,1005,540,3404,3002,482,522,490,501,"South"
"Colorado","0.19",2006,"CO",565,11806,557,3.52,4,3.44,3.2,3.35,3.9,539,796,533,548,1156,549,555,1398,553,571,1356,561,529,260,514,575,2887,563,6483,5323,549,581,557,558,"West"
"Connecticut","0.18",2006,"CT",517,34522,512,3.15,3.9,3.07,3.1,3.03,3.8,464,2510,465,494,2875,495,507,3488,504,525,3179,521,429,1401,429,565,6441,554,18115,16407,501,534,512,513,"Northeast"
"California","0.44",2006,"CA",520,191740,501,3.33,3.8,3.3,2.8,3.07,3.7,476,24985,459,504,18124,491,519,17660,506,536,14934,523,455,18656,429,564,31813,548,105920,85820,500,541,497,505,"West"
"Arkansas","0.07",2006,"AR",568,1489,574,3.64,4,3.65,2.8,3.51,4.1,548,179,546,555,183,578,559,190,575,573,143,576,508,70,501,592,348,600,754,735,550,587,571,577,"South"
"Arizona","0.32",2006,"AZ",529,18615,520,3.45,3.9,3.42,2.6,3.25,3.9,501,1959,495,517,2206,508,524,2287,521,537,1943,531,489,827,477,550,3391,539,10031,8584,512,547,520,521,"West"
"Alaska","0.13",2006,"AK",519,3945,517,3.37,3.8,3.39,2.1,3.08,3.5,486,325,484,511,540,514,513,539,517,531,478,528,481,171,478,542,616,541,2102,1843,501,537,514,521,"West"
"Alabama","0.04",2006,"AL",562,3879,566,3.55,3.9,3.58,2.7,3.43,4,516,317,519,535,346,547,565,411,563,573,444,580,445,165,459,587,992,590,2104,1775,542,583,561,571,"South"
"Alabama","0.04",2007,"AL",558,3732,563,3.57,3.9,3.58,2.6,3.41,4,510,279,522,523,300,550,555,391,558,566,407,571,475,140,482,579,1006,581,2087,1645,538,579,556,571,"South"
"Alaska","0.14",2007,"AK",520,3764,520,3.41,3.9,3.43,2.2,3.11,3.6,473,282,491,511,460,516,520,536,522,526,456,523,471,147,478,539,720,541,2101,1663,501,539,516,524,"West"
"Arkansas","0.08",2007,"AR",569,1384,579,3.6,4,3.65,2.7,3.52,4.1,540,146,545,557,166,571,567,181,593,572,139,592,504,89,495,589,335,600,757,627,549,589,571,587,"South"
"Arizona","0.32",2007,"AZ",527,19167,519,3.45,3.9,3.42,2.6,3.23,3.9,493,1720,486,514,2114,508,519,2262,514,533,2059,526,494,891,474,545,3949,536,10428,8739,510,545,517,522,"West"
"California","0.45",2007,"CA",518,195181,499,3.33,3.9,3.3,2.8,3.06,3.7,470,21066,453,500,18069,486,516,17734,504,531,15358,519,456,20313,431,560,34289,544,107785,87396,499,537,496,503,"West"
"Connecticut","0.18",2007,"CT",513,35461,510,3.17,3.9,3.08,3.1,3.03,3.8,451,2175,453,483,2886,487,500,3557,501,514,3218,511,428,1623,429,557,6990,552,18701,16760,497,529,509,512,"Northeast"
"Colorado","0.18",2007,"CO",566,11120,561,3.53,4,3.46,3.2,3.34,3.9,530,612,536,548,999,545,557,1197,551,567,1309,564,533,290,518,575,2907,568,6099,5021,549,584,561,561,"West"
"Delaware","0.13",2007,"DE",498,6182,497,3.28,3.9,3.17,2.8,3.09,3.8,443,592,441,479,687,483,494,768,496,516,640,513,415,361,421,533,1085,531,3390,2792,480,516,494,501,"South"
"Florida","0.26",2007,"FL",498,97089,497,3.3,3.8,3.33,2.4,3.07,3.8,464,12257,468,488,11434,493,499,10662,501,514,8193,513,439,8409,441,533,14064,528,52992,44097,482,514,496,498,"South"
"Georgia","0.12",2007,"GA",496,59348,494,3.34,3.8,3.34,2.4,3.15,3.9,456,6607,460,478,6885,481,495,6694,497,513,5550,512,431,4806,429,537,9913,531,32459,26889,481,512,493,496,"South"
"Idaho","0.1",2007,"ID",541,3186,540,3.56,3.9,3.48,2.4,3.3,3.8,524,346,531,534,462,537,532,446,534,542,310,551,510,155,510,555,557,549,1735,1451,524,558,540,541,"West"
"Hawaii","0.18",2007,"HI",508,7961,484,3.24,3.9,3.35,2.5,3.01,3.8,469,789,447,485,939,470,500,980,480,519,682,492,461,580,434,540,849,514,4403,3558,496,521,485,483,"West"
"Illinois","0.23",2007,"IL",612,11012,594,3.57,4,3.55,3.5,3.47,4,571,585,551,585,794,575,598,991,583,612,1036,594,565,310,539,629,3276,610,5813,5199,593,631,592,597,"Midwest"
"Indiana","0.08",2007,"IN",509,42614,497,3.29,3.9,3.21,2.8,3.06,3.8,478,4844,472,498,6365,488,507,6639,496,519,4721,505,454,2406,449,539,6104,524,23126,19488,491,528,493,502,"Midwest"
"Iowa","0.08",2007,"IA",614,1302,608,3.77,4.1,3.7,3.5,3.59,4,578,77,573,606,147,599,618,182,620,630,141,626,554,34,528,625,318,623,691,611,593,636,607,610,"Midwest"
"Kansas","0.11",2007,"KS",590,2366,583,3.64,4,3.58,3.1,3.5,3.9,573,148,560,583,242,584,590,276,587,596,273,590,547,70,528,595,662,585,1100,1261,611,572,584,582,"Midwest"
"Kentucky","0.05",2007,"KY",566,3890,567,3.63,4,3.62,3,3.5,4,525,268,532,548,401,555,568,465,564,561,479,563,536,124,531,581,978,579,2060,1830,547,586,566,568,"South"
"Maine","0.05",2007,"ME",466,15087,467,3.2,3.7,3.22,2.6,3.05,3.6,480,595,483,501,636,508,511,578,516,522,375,518,451,371,458,540,566,529,7555,7532,457,475,474,461,"Northeast"
"Louisiana","0.06",2007,"LA",568,2860,570,3.54,4,3.54,2.9,3.43,4.1,495,229,505,539,278,551,572,285,571,573,268,582,474,140,467,592,687,593,1543,1317,551,586,567,573,"South"
"Maryland","0.14",2007,"MD",505,46299,500,3.24,3.9,3.18,2.8,3.04,3.8,446,3517,444,478,4116,477,499,4546,497,519,4374,518,425,2259,422,551,9649,546,25128,21171,488,522,498,503,"South"
"Michigan","0.09",2007,"MI",581,9658,568,3.63,4,3.61,3,3.46,3.9,511,613,515,550,878,546,570,1042,561,583,1087,572,504,368,485,603,2564,588,5263,4395,562,601,565,571,"Midwest"
"Massachusetts","0.19",2007,"MA",523,60789,513,3.17,3.9,3.14,3.1,3.04,3.9,471,4124,466,501,5342,494,511,6349,506,531,5671,521,451,3486,434,566,10109,554,32037,28752,506,541,511,516,"Northeast"
"Minnesota","0.12",2007,"MN",605,5458,596,3.68,4,3.63,3.4,3.53,4,568,249,553,579,425,590,597,523,600,607,585,597,540,126,495,620,1610,606,2925,2533,587,623,596,596,"Midwest"
"Missouri","0.07",2007,"MO",594,3717,594,3.64,4,3.62,3.3,3.53,4,541,195,542,576,293,588,579,362,581,611,316,606,556,99,552,610,985,606,1873,1844,578,611,595,594,"Midwest"
"Mississippi","0.03",2007,"MS",553,1070,569,3.69,4,3.71,2.5,3.61,4.1,511,105,534,537,112,564,570,113,588,554,82,581,469,82,478,580,222,599,607,463,532,574,565,573,"South"
"Montana","0.04",2007,"MT",545,2853,539,3.49,3.9,3.5,2.4,3.24,3.8,531,323,533,543,490,537,545,415,533,545,292,532,510,159,528,557,354,551,1596,1257,527,564,538,540,"West"
"Nevada","0.31",2007,"NV",508,7732,500,3.41,3.9,3.35,2.4,3.13,3.8,475,790,469,499,912,491,496,942,495,517,795,513,473,375,460,520,1492,515,4243,3489,490,526,499,502,"West"
"Nebraska","0.11",2007,"NE",587,1322,579,3.68,4.1,3.65,3.4,3.52,4,550,107,528,575,134,584,580,164,575,594,164,581,510,45,506,601,305,595,742,580,568,606,576,582,"Midwest"
"New Hampshire","0.06",2007,"NH",522,12556,520,3.27,4,3.16,3.1,3.05,3.9,488,863,495,501,1356,499,505,1632,507,521,1306,517,482,423,488,542,2093,538,6695,5861,505,540,520,521,"Northeast"
"New Jersey","0.26",2007,"NJ",511,85218,496,3.26,3.9,3.25,2.9,3.12,3.8,459,6207,446,489,7219,476,502,8078,491,520,7777,504,434,5135,415,554,16389,537,44544,40674,495,527,494,498,"Northeast"
"New Mexico","0.31",2007,"NM",548,2303,556,3.51,4,3.5,2.8,3.35,3.9,511,196,513,515,258,535,531,285,552,543,266,557,517,142,497,569,470,578,1253,1050,528,568,553,559,"West"
"New York","0.27",2007,"NY",506,156716,492,3.29,3.9,3.24,3.1,3.03,3.8,471,15434,460,498,15040,488,513,14613,501,526,11701,513,450,14778,425,559,20135,544,84088,72628,490,523,490,494,"Northeast"
"North Carolina","0.11",2007,"NC",511,54886,495,3.4,3.8,3.3,2.4,3.17,3.9,471,6936,456,498,7407,483,515,6896,502,533,5299,516,444,4765,429,551,8017,536,30249,24637,496,526,494,497,"South"
"Ohio","0.06",2007,"OH",544,33790,536,3.45,4,3.37,3.2,3.32,4,493,2417,497,521,3497,519,537,4354,530,549,4064,541,468,1297,469,569,7632,556,17890,15900,525,563,533,539,"Midwest"
"North Dakota","0.06",2007,"ND",597,283,585,3.75,4,3.73,2.9,3.55,4,522,28,545,551,50,558,569,43,600,599,29,581,0,4,0,617,67,603,148,135,576,618,583,587,"Midwest"
"Oklahoma","0.09",2007,"OK",571,2269,577,3.67,4,3.66,2.8,3.51,4,533,184,549,566,260,580,571,279,577,572,263,588,524,95,512,586,515,590,1150,1119,546,596,577,578,"South"
"Pennsylvania","0.1",2007,"PA",500,105340,493,3.36,3.9,3.29,2.8,3.2,3.9,464,10604,462,489,14014,485,502,13409,496,516,9679,509,436,5997,433,547,13956,537,56106,49234,483,518,491,496,"Northeast"
"Oregon","0.19",2007,"OR",528,18566,522,3.47,3.9,3.44,2.7,3.23,3.7,498,2033,495,516,2694,514,526,2609,524,531,1912,530,482,1085,473,551,2861,543,10149,8417,510,546,520,525,"West"
"Rhode Island","0.23",2007,"RI",499,8256,497,3.2,3.9,3.14,3.1,3.01,3.8,461,584,464,496,784,490,501,941,501,512,727,507,422,567,425,546,1221,540,4499,3757,483,516,494,500,"Northeast"
"South Dakota","0.06",2007,"SD",604,315,590,3.7,4,3.7,2.7,3.56,4.1,535,34,565,590,39,601,590,47,605,609,43,591,253,12,269,596,59,606,173,142,584,625,580,600,"Midwest"
"South Carolina","0.07",2007,"SC",498,23877,488,3.3,3.9,3.28,2.7,3.15,4,463,3098,456,491,3257,484,505,3128,495,524,2380,514,439,2224,432,534,3232,521,13171,10706,483,514,487,490,"South"
"Tennessee","0.07",2007,"TN",570,6628,573,3.59,3.9,3.54,3,3.46,4,529,362,535,548,579,561,559,655,573,570,683,574,526,202,526,583,1811,586,3548,3080,551,589,571,576,"South"
"Utah","0.12",2007,"UT",557,1955,558,3.65,4,3.57,2.8,3.45,3.8,542,101,542,560,175,560,565,192,564,563,207,564,544,61,549,563,490,569,1052,903,536,579,559,557,"West"
"Texas","0.34",2007,"TX",508,131324,492,3.38,3.9,3.37,2.6,3.22,3.8,472,16807,457,496,15175,483,511,14038,497,527,11429,513,446,12976,428,549,21324,533,70493,60831,493,523,490,494,"South"
"Vermont","0.06",2007,"VT",519,5554,516,3.34,3.9,3.27,2.9,3.17,3.9,488,583,490,509,820,513,519,738,512,522,518,520,479,262,470,558,676,550,2977,2577,503,536,516,517,"Northeast"
"Virginia","0.13",2007,"VA",513,58735,511,3.27,3.9,3.12,3.2,3.08,4,461,5089,464,489,6211,491,504,6592,506,522,5992,524,442,3191,437,548,12145,547,31487,27248,497,529,511,512,"South"
"Washington","0.19",2007,"WA",532,34580,526,3.48,3.9,3.43,2.6,3.21,3.8,497,3029,492,518,4200,516,526,4740,522,537,3742,531,479,1882,466,552,6115,547,18664,15916,515,549,525,527,"West"
"West Virginia","0.03",2007,"WV",509,3429,516,3.56,4,3.51,2.4,3.33,4,488,431,498,495,555,513,511,551,516,513,399,519,465,213,482,530,539,540,1905,1524,487,532,510,523,"South"
"Wisconsin","0.1",2007,"WI",599,3808,587,3.67,4.1,3.64,3.5,3.52,4,543,227,540,592,372,584,600,428,589,607,396,599,530,97,493,616,955,605,1970,1838,582,616,589,585,"Midwest"
"Wyoming","0.06",2007,"WY",571,430,564,3.67,3.9,3.66,2.9,3.55,3.9,529,32,556,562,64,577,582,64,565,570,55,567,243,16,262,593,76,584,219,211,557,586,564,565,"West"
"Wyoming","0.05",2008,"WY",573,309,562,3.72,3.9,3.61,2.8,3.49,3.9,568,88,550,595,62,604,553,15,579,548,5,514,521,41,519,568,18,581,156,153,544,603,560,564,"West"
"Wisconsin","0.11",2008,"WI",605,3519,587,3.69,4.1,3.65,3.5,3.56,4.1,585,657,573,617,721,597,620,277,606,616,137,590,541,277,525,621,257,603,1833,1686,588,623,585,589,"Midwest"
"West Virginia","0.03",2008,"WV",503,3424,512,3.56,4,3.46,2.4,3.32,4.1,491,1034,502,510,678,517,518,188,527,522,74,521,477,579,490,532,103,543,1960,1464,485,522,509,516,"South"
"Washington","0.19",2008,"WA",534,36286,526,3.49,3.9,3.43,2.6,3.2,3.8,521,8370,518,541,6945,534,548,2415,542,557,1076,548,485,4501,472,570,1307,561,19682,16604,517,552,524,528,"West"
"Virginia","0.13",2008,"VA",513,59541,511,3.29,3.9,3.12,3.2,3.08,4,492,12013,494,521,10461,521,540,4477,541,548,2274,547,449,7703,447,569,2744,562,31843,27698,498,529,511,512,"South"
"Vermont","0.04",2008,"VT",524,5448,519,3.33,4,3.26,2.9,3.17,3.9,518,1438,514,535,876,527,561,240,552,553,103,531,487,712,490,585,125,562,2900,2548,505,543,518,521,"Northeast"
"Texas","0.34",2008,"TX",506,136849,488,3.42,3.9,3.37,2.6,3.21,3.8,499,28584,486,529,20642,512,543,7953,526,548,3736,531,454,29079,437,566,5397,546,73402,63447,491,521,487,490,"South"
"Utah","0.13",2008,"UT",557,1927,561,3.66,3.9,3.56,2.7,3.46,3.8,555,310,561,567,368,570,548,141,560,578,84,573,498,123,497,549,174,564,977,950,537,577,561,562,"West"
"Tennessee","0.07",2008,"TN",570,6263,571,3.58,3.9,3.52,3,3.44,4,554,1019,562,570,1119,576,577,391,583,579,234,579,515,522,522,583,568,576,3303,2960,552,589,567,575,"South"
"South Carolina","0.07",2008,"SC",499,23022,488,3.31,3.9,3.25,2.7,3.15,4,495,5598,486,522,3642,510,529,1130,516,529,450,514,442,4798,434,540,586,534,12731,10291,483,515,485,492,"South"
"South Dakota","0.07",2008,"SD",595,277,595,3.73,4,3.68,2.7,3.54,4.2,603,82,609,623,47,628,568,11,605,586,9,609,512,41,532,584,17,608,134,143,571,619,584,607,"Midwest"
"Rhode Island","0.2",2008,"RI",499,8485,496,3.22,3.9,3.15,3.1,3.01,3.9,487,1649,488,522,1423,515,531,468,527,546,210,540,438,1067,436,567,257,559,4660,3825,481,518,490,502,"Northeast"
"Oregon","0.18",2008,"OR",528,18366,522,3.49,3.9,3.45,2.7,3.24,3.7,520,4821,520,539,3295,532,543,1051,538,546,441,538,484,2836,481,557,652,548,9943,8423,509,548,520,525,"West"
"Pennsylvania","0.11",2008,"PA",502,105919,494,3.37,3.9,3.29,2.8,3.19,3.9,494,26776,489,518,16910,509,534,5104,523,540,2155,531,450,15763,447,565,2875,550,56616,49303,485,520,492,497,"Northeast"
"Oklahoma","0.09",2008,"OK",573,2171,572,3.67,4,3.66,2.7,3.51,4.1,556,475,565,578,398,583,560,124,560,587,72,585,546,236,533,598,139,594,1176,995,552,595,569,576,"South"
"North Dakota","0.06",2008,"ND",603,256,593,3.81,4.1,3.74,3,3.65,4,590,74,594,603,49,618,551,21,570,570,14,596,275,23,291,574,22,594,122,134,582,625,584,603,"Midwest"
"Ohio","0.06",2008,"OH",545,32683,534,3.46,4,3.37,3.2,3.32,4,528,7148,523,551,6637,538,559,2480,545,562,1090,547,475,3526,474,574,1726,559,17296,15387,526,564,530,538,"Midwest"
"North Carolina","0.12",2008,"NC",512,56394,496,3.39,3.9,3.28,2.4,3.15,3.9,504,13536,487,530,8531,514,543,3009,525,551,1232,534,454,10850,441,568,1679,551,30797,25597,498,527,494,498,"South"
"New York","0.28",2008,"NY",505,160585,488,3.26,3.9,3.2,3,3,3.8,497,28663,486,523,19966,507,533,6862,515,539,3009,523,455,28498,437,570,4068,550,85768,74817,490,521,486,491,"Northeast"
"New Mexico","0.29",2008,"NM",550,2332,557,3.51,4,3.53,2.7,3.31,3.9,522,538,539,547,433,559,573,176,574,558,74,578,514,325,510,581,88,586,1285,1047,532,569,555,560,"West"
"New Jersey","0.26",2008,"NJ",514,85320,495,3.26,3.9,3.23,2.9,3.11,3.8,492,14138,478,521,13720,504,534,5592,517,547,2822,525,442,10553,423,574,4203,552,44558,40762,498,530,493,498,"Northeast"
"New Hampshire","0.07",2008,"NH",523,12597,521,3.28,4,3.15,3,3.05,3.9,505,2787,504,522,2330,517,536,835,529,537,339,540,478,1159,484,564,375,548,6599,5998,507,540,520,523,"Northeast"
"Nebraska","0.13",2008,"NE",587,1139,580,3.69,4,3.64,3.4,3.53,4,564,244,568,597,240,584,612,65,613,599,37,584,538,109,525,620,80,607,629,510,570,604,581,580,"Midwest"
"Nevada","0.32",2008,"NV",507,8289,498,3.43,3.9,3.34,2.4,3.11,3.8,495,1914,487,516,1465,508,518,537,508,512,218,513,467,1131,461,538,387,533,4551,3738,489,526,497,499,"West"
"Montana","0.05",2008,"MT",549,2644,541,3.52,4,3.53,2.4,3.24,3.8,542,810,537,555,447,547,541,119,544,576,51,546,524,417,514,562,83,540,1455,1189,533,566,538,545,"West"
"Mississippi","0.03",2008,"MS",559,937,574,3.67,4,3.69,2.4,3.6,4.1,535,185,564,564,135,573,588,70,601,556,31,557,493,123,515,585,57,601,532,405,535,583,568,581,"South"
"Missouri","0.06",2008,"MO",597,3481,593,3.64,4,3.61,3.3,3.55,4,586,523,588,595,551,591,609,243,600,610,146,607,542,232,528,609,318,599,1777,1704,580,615,594,593,"Midwest"
"Minnesota","0.13",2008,"MN",610,5078,596,3.67,4,3.63,3.4,3.53,4,591,766,587,604,992,596,616,419,604,617,234,600,577,299,542,623,458,608,2660,2418,591,629,593,599,"Midwest"
"Massachusetts","0.2",2008,"MA",526,61260,513,3.16,3.9,3.12,3.1,3.03,3.9,503,10591,496,529,9667,517,542,3682,532,548,1682,539,462,6664,445,583,2137,570,32234,29026,508,544,510,517,"Northeast"
"Michigan","0.09",2008,"MI",599,7173,581,3.71,4,3.66,3.1,3.55,4,576,1285,570,601,1393,580,602,541,587,611,341,597,542,522,524,617,511,600,3862,3311,579,620,578,584,"Midwest"
"Maryland","0.14",2008,"MD",504,46860,499,3.25,3.9,3.18,2.8,3.01,3.8,481,8116,479,519,7850,515,534,3618,526,542,1877,536,431,5388,429,572,2112,559,25324,21536,487,521,497,501,"South"
"Louisiana","0.05",2008,"LA",567,2685,567,3.53,4,3.52,2.9,3.43,4.1,552,464,562,567,460,570,578,156,577,600,88,592,500,290,495,599,176,593,1508,1177,546,588,559,576,"South"
"Maine","0.05",2008,"ME",468,14846,470,3.28,3.9,3.26,2.6,3.08,3.8,495,1392,497,520,746,513,538,232,525,509,117,506,454,985,461,545,168,547,7451,7395,462,474,476,464,"Northeast"
"Kentucky","0.05",2008,"KY",570,3688,568,3.64,4,3.6,3,3.5,4,560,738,562,571,752,567,577,302,578,573,132,577,526,317,526,582,230,578,1897,1791,552,588,566,571,"South"
"Kansas","0.12",2008,"KS",590,2295,580,3.65,4,3.6,3,3.51,3.9,576,398,571,590,464,585,591,209,584,598,96,590,550,175,544,608,181,597,1249,1046,573,608,579,581,"Midwest"
"Iowa","0.09",2008,"IA",614,1330,603,3.75,4.1,3.68,3.5,3.59,4,600,291,591,623,235,612,630,99,633,646,51,642,573,109,544,621,93,625,718,612,593,635,601,605,"Midwest"
"Indiana","0.08",2008,"IN",509,43942,496,3.28,3.9,3.18,2.8,3.04,3.8,501,13055,491,524,8376,507,534,2342,517,540,910,527,465,7078,459,553,1141,539,23790,20152,491,528,492,501,"Midwest"
"Illinois","0.23",2008,"IL",603,10254,583,3.54,4,3.52,3.4,3.42,4,585,1523,570,608,1794,591,616,744,598,617,454,598,523,750,505,624,891,602,5473,4781,584,622,580,587,"Midwest"
"Hawaii","0.18",2008,"HI",503,8192,481,3.25,3.9,3.35,2.5,2.99,3.8,485,1900,470,509,1312,487,523,344,494,518,137,511,457,1213,439,544,146,518,4497,3695,492,515,483,480,"West"
"Idaho","0.11",2008,"ID",541,3165,540,3.56,4,3.46,2.4,3.32,3.8,532,865,535,549,601,543,562,164,553,549,65,548,513,426,516,551,133,551,1672,1493,525,557,537,543,"West"
"Georgia","0.13",2008,"GA",494,62244,491,3.36,3.8,3.32,2.5,3.14,3.9,482,13611,485,510,9510,508,525,3539,519,532,1671,525,439,11001,439,552,2197,545,34029,28215,479,510,490,493,"South"
"Florida","0.26",2008,"FL",499,98479,496,3.32,3.9,3.32,2.4,3.07,3.8,493,20856,495,517,13851,513,526,4838,520,527,2234,523,449,19376,452,551,3771,542,53958,44521,482,516,495,498,"South"
"Delaware","0.11",2008,"DE",499,6342,499,3.28,3.9,3.14,2.9,3.11,3.9,481,1351,481,511,1204,509,527,433,526,536,193,537,435,900,437,573,210,566,3382,2960,480,519,495,504,"South"
"Colorado","0.19",2008,"CO",572,10507,564,3.55,4,3.46,3.2,3.35,3.9,555,1753,553,567,2216,563,571,1011,563,578,472,569,533,673,525,583,752,568,5795,4712,555,589,563,565,"West"
"Connecticut","0.18",2008,"CT",514,36057,509,3.17,3.9,3.07,3.1,3.02,3.8,487,5889,490,519,5604,512,536,2294,528,538,1117,536,437,3469,438,574,1870,562,18761,17296,497,531,507,512,"Northeast"
"California","0.44",2008,"CA",517,205083,499,3.32,3.9,3.29,2.8,3.03,3.7,500,35138,489,529,26805,516,539,11351,526,545,5721,532,456,39943,439,565,8331,552,113265,91818,497,537,496,503,"West"
"Arizona","0.3",2008,"AZ",523,20031,516,3.46,3.9,3.43,2.5,3.23,3.9,509,4356,506,530,3648,524,540,1405,532,538,696,529,480,2706,472,553,1035,538,11023,9008,506,541,515,517,"West"
"Arkansas","0.08",2008,"AR",570,1467,575,3.65,4,3.67,2.7,3.52,4.2,573,348,570,562,264,575,561,82,590,574,37,592,526,200,527,595,92,598,814,653,548,592,569,582,"South"
"Alaska","0.14",2008,"AK",521,3777,520,3.41,3.9,3.39,2.2,3.09,3.6,519,888,519,528,765,533,538,261,527,531,123,515,464,384,475,542,100,545,2032,1745,505,537,521,519,"West"
"Alabama","0.05",2008,"AL",559,3587,565,3.56,3.9,3.58,2.7,3.42,4,543,653,557,560,684,573,571,276,579,575,143,582,476,361,479,608,266,603,1949,1638,539,580,558,573,"South"
"Alabama","0.06",2013,"AL",537,3558,545,3.61,3.9,3.58,2.5,3.42,4,475,249,486,494,252,510,520,268,525,536,272,551,425,205,435,566,718,579,2037,1521,515,559,535,555,"South"
"Alaska","0.13",2013,"AK",507,3867,508,3.46,3.9,3.38,2.2,3.09,3.7,478,216,480,494,280,499,498,356,509,514,343,525,453,144,446,524,908,521,2158,1709,489,526,504,513,"West"
"Arkansas","0.09",2013,"AR",571,1172,572,3.75,4,3.72,2.6,3.6,4.2,532,80,543,537,88,549,564,99,577,566,83,570,509,52,491,581,240,586,635,537,550,592,569,575,"South"
"Arizona","0.29",2013,"AZ",529,22283,522,3.51,3.9,3.48,2.5,3.29,4,492,2130,488,506,1955,505,517,1747,513,527,1563,521,472,1279,465,549,3921,538,12230,10053,511,548,518,526,"West"
"California","0.45",2013,"CA",514,234767,498,3.4,3.9,3.39,2.8,3.09,3.8,476,22399,461,496,15880,485,512,12510,503,529,10481,516,452,20646,435,556,33242,543,129305,105462,494,534,492,504,"West"
"Connecticut","0.2",2013,"CT",512,36053,507,3.28,3.9,3.2,3.1,3.13,3.9,455,1466,458,483,1610,483,495,1765,493,509,1784,507,420,1116,423,547,6348,540,18698,17355,498,527,505,510,"Northeast"
"Colorado","0.2",2013,"CO",582,7518,577,3.64,4,3.57,3.3,3.45,4.1,532,311,532,551,448,558,558,549,564,575,547,574,542,179,528,587,2074,583,4079,3439,564,601,575,580,"West"
"Delaware","0.14",2013,"DE",457,9669,450,3.32,3.8,3.21,2.8,3.19,3.8,435,429,431,460,409,452,477,416,474,483,316,479,391,357,387,527,1031,518,4930,4739,446,468,451,450,"South"
"Georgia","0.15",2013,"GA",488,72119,490,3.44,3.7,3.39,2.5,3.21,3.8,451,5592,456,470,4694,479,484,3990,491,496,3278,501,426,4341,428,530,8359,528,39233,32886,473,504,486,494,"South"
"Florida","0.27",2013,"FL",491,112554,492,3.41,3.8,3.38,2.5,3.12,4,466,9927,472,486,7347,493,497,5784,503,508,4607,511,431,8469,438,531,11315,528,61204,51350,476,506,491,494,"South"
"Hawaii","0.2",2013,"HI",506,8590,481,3.32,3.9,3.42,2.5,3.06,3.9,470,584,448,483,653,465,487,645,468,510,528,486,440,485,425,537,1103,511,4856,3734,490,523,478,485,"West"
"Illinois","0.24",2013,"IL",617,6893,600,3.69,4,3.65,3.5,3.57,4.1,551,297,539,579,349,562,585,393,575,607,484,596,534,172,511,623,1762,607,3595,3298,600,635,598,603,"Midwest"
"Idaho","0.13",2013,"ID",458,17352,453,3.28,3.6,3.19,1.8,3,3.6,450,1438,449,474,1367,465,489,1105,481,492,757,483,407,1046,407,506,1488,497,8738,8614,446,471,457,450,"West"
"Indiana","0.1",2013,"IN",501,48476,494,3.38,3.9,3.23,2.9,3.13,3.9,467,3622,468,488,3735,487,503,3511,497,515,3071,505,442,2140,441,538,6071,525,26484,21992,484,519,489,499,"Midwest"
"Kansas","0.13",2013,"KS",595,1823,589,3.72,4,3.68,2.9,3.56,4,552,97,532,559,111,562,582,130,574,584,123,591,532,50,496,608,434,597,942,881,576,615,588,590,"Midwest"
"Iowa","0.09",2013,"IA",601,1054,592,3.79,4.1,3.7,3.5,3.59,4.1,537,51,544,556,85,566,555,80,569,594,86,586,568,35,514,612,272,604,537,517,581,621,583,602,"Midwest"
"Kentucky","0.06",2013,"KY",584,2158,584,3.77,4,3.7,3.1,3.65,4.1,520,105,522,556,130,558,561,150,580,586,162,579,528,54,513,589,496,590,1113,1045,560,608,576,593,"South"
"Maine","0.05",2013,"ME",466,14501,462,3.52,4,3.46,2.9,3.39,3.9,503,306,500,527,322,519,528,338,522,552,252,532,479,172,458,555,646,540,7132,7369,460,473,469,455,"Northeast"
"Louisiana","0.06",2013,"LA",555,2461,556,3.6,4,3.59,2.9,3.49,4.2,483,176,486,503,165,521,527,161,543,546,165,544,475,126,464,570,488,574,1357,1104,533,578,548,565,"South"
"Maryland","0.17",2013,"MD",500,48106,496,3.31,3.9,3.24,2.9,3.07,3.9,454,1917,454,468,2034,470,485,2022,485,508,1848,511,418,1584,415,544,7242,536,25547,22559,487,514,495,498,"South"
"Michigan","0.1",2013,"MI",611,4300,590,3.77,4.1,3.76,3.2,3.67,4.2,569,213,549,576,257,562,584,294,569,593,289,578,554,103,491,619,1124,603,2305,1995,592,631,588,592,"Midwest"
"Massachusetts","0.22",2013,"MA",530,60791,514,3.29,3.9,3.24,3.1,3.16,3.9,483,2808,467,503,2907,492,511,3217,504,525,3166,514,454,2187,428,563,10822,549,32040,28751,514,546,511,518,"Northeast"
"Minnesota","0.13",2013,"MN",609,3749,595,3.74,4,3.69,3.4,3.61,4.1,544,158,530,585,212,567,597,252,590,600,245,586,547,93,518,615,964,608,1981,1768,592,626,594,596,"Midwest"
"Mississippi","0.04",2013,"MS",549,996,569,3.72,3.9,3.69,2.5,3.65,4.2,496,88,519,533,79,547,523,74,540,547,68,585,478,54,482,559,215,579,574,422,535,564,562,576,"South"
"Montana","0.03",2013,"MT",542,2308,540,3.61,4,3.54,2.4,3.3,3.9,526,215,536,531,240,536,539,267,532,555,256,549,502,86,504,552,415,550,1257,1051,521,563,534,546,"West"
"Missouri","0.07",2013,"MO",596,2743,595,3.7,4,3.67,3.3,3.58,4.1,530,115,528,552,175,557,567,164,579,574,168,580,498,68,484,605,687,608,1431,1312,577,615,592,599,"Midwest"
"Nebraska","0.14",2013,"NE",585,827,584,3.75,4.1,3.68,3.5,3.58,4.2,525,63,516,561,54,574,574,78,588,597,70,602,507,28,489,593,202,601,465,362,566,604,581,588,"Midwest"
"New Hampshire","0.07",2013,"NH",529,11338,524,3.41,3.9,3.25,3,3.16,3.9,493,579,489,498,794,502,506,967,509,519,827,512,481,329,478,547,2235,536,6020,5318,514,545,523,526,"Northeast"
"Nevada","0.33",2013,"NV",496,11403,492,3.46,3.9,3.37,2.3,3.06,4,474,1033,474,491,813,493,497,750,496,505,512,506,452,663,451,525,1221,525,6509,4894,479,514,489,496,"West"
"New Jersey","0.28",2013,"NJ",522,83489,499,3.36,3.9,3.34,3,3.21,3.8,475,4533,451,493,4238,471,508,4249,489,523,4069,501,441,3807,416,553,14291,530,43664,39825,508,537,496,502,"Northeast"
"New York","0.3",2013,"NY",502,157989,485,3.37,3.8,3.3,3.1,3.07,3.8,478,9948,463,491,8649,480,505,8506,494,522,7664,507,445,9787,421,549,21071,532,83982,74007,489,516,483,488,"Northeast"
"New Mexico","0.31",2013,"NM",546,2303,550,3.57,3.9,3.54,2.7,3.34,4.1,510,161,517,512,171,526,508,142,521,547,164,551,498,117,485,563,397,571,1279,1024,530,562,549,552,"West"
"North Carolina","0.14",2013,"NC",507,58100,496,3.52,3.8,3.38,2.5,3.31,3.9,469,5318,460,493,4614,485,505,4102,495,517,3459,505,441,3568,431,547,7569,534,31942,26158,493,521,493,499,"South"
"Ohio","0.07",2013,"OH",556,22205,549,3.58,4,3.48,3.2,3.45,4.1,501,1108,504,526,1485,525,535,1594,530,548,1675,541,475,662,472,570,4941,558,11817,10388,538,575,544,554,"Midwest"
"North Dakota","0.04",2013,"ND",613,174,612,3.87,4,3.79,2.9,3.67,4.2,521,10,537,586,11,580,582,16,590,561,21,597,530,5,576,585,48,622,101,73,591,635,595,629,"Midwest"
"Oklahoma","0.12",2013,"OK",569,1879,571,3.73,4,3.71,2.7,3.61,4.1,515,128,523,548,168,550,555,153,567,547,127,559,498,53,499,585,381,583,980,899,554,585,569,574,"South"
"Pennsylvania","0.12",2013,"PA",504,101368,494,3.48,3.9,3.36,2.8,3.3,3.9,468,6902,462,487,7944,481,497,8065,490,510,6711,499,436,4267,429,544,14900,531,54137,47231,489,520,491,497,"Northeast"
"Oregon","0.21",2013,"OR",522,18440,520,3.54,3.9,3.49,2.7,3.3,3.9,492,1417,491,512,1457,512,517,1443,519,527,1125,526,471,938,466,552,2620,553,10218,8222,503,542,517,524,"West"
"Rhode Island","0.23",2013,"RI",491,8025,491,3.3,3.9,3.24,3.1,3.09,3.9,459,439,464,474,422,485,487,499,493,504,434,502,425,389,421,530,1196,526,4376,3649,477,506,489,493,"Northeast"
"South Carolina","0.08",2013,"SC",488,26320,484,3.46,3.9,3.35,2.7,3.29,4,449,2570,448,477,2228,475,491,1963,492,499,1613,496,423,1864,420,525,3342,520,14277,12043,474,502,481,487,"South"
"Tennessee","0.08",2013,"TN",570,5296,574,3.69,4,3.61,3,3.56,4.1,496,282,518,530,307,547,545,328,557,563,327,572,496,153,503,577,1161,577,2699,2597,550,590,570,579,"South"
"South Dakota","0.06",2013,"SD",603,262,592,3.78,4,3.7,2.8,3.64,4.3,520,21,535,592,25,603,588,36,593,609,27,587,504,10,517,567,51,609,138,124,567,639,573,612,"Midwest"
"Texas","0.35",2013,"TX",499,172870,476,3.46,3.8,3.42,2.6,3.27,3.9,472,13807,450,493,10834,474,503,8469,487,517,7472,500,444,11684,417,543,20263,523,92341,80529,487,512,474,479,"South"
"Vermont","0.04",2013,"VT",519,4720,516,3.46,3.9,3.38,3,3.23,3.9,480,366,484,501,417,504,522,468,523,532,406,529,467,152,469,551,730,542,2503,2217,506,533,516,516,"Northeast"
"Utah","0.13",2013,"UT",567,1835,569,3.73,4,3.66,2.9,3.53,4,520,89,519,558,109,555,558,132,562,568,131,589,521,44,495,572,450,576,939,896,549,585,573,566,"West"
"Virginia","0.14",2013,"VA",515,60640,516,3.43,3.9,3.25,3.3,3.15,4.1,459,3514,463,480,3621,486,492,3569,497,506,3249,512,437,2392,437,540,10562,541,32187,28453,500,530,514,518,"South"
"West Virginia","0.02",2013,"WV",502,2774,513,3.68,3.9,3.53,2.6,3.45,4.2,465,268,485,477,277,507,487,333,503,500,291,513,460,138,465,516,595,521,1584,1190,488,517,513,514,"South"
"Washington","0.22",2013,"WA",525,40254,515,3.52,3.9,3.46,2.6,3.21,3.9,489,3019,478,507,3075,500,518,3285,517,530,2915,524,462,2185,447,550,7624,543,21899,18355,508,542,512,519,"West"
"Wisconsin","0.12",2013,"WI",605,2632,591,3.74,4.1,3.68,3.6,3.6,4.1,553,133,523,570,195,560,579,227,573,599,232,581,520,58,511,616,679,595,1431,1201,589,622,588,594,"Midwest"
"Wyoming","0.07",2013,"WY",589,223,581,3.77,4,3.67,3.2,3.62,4.1,579,10,606,550,20,573,505,16,525,585,25,608,558,5,572,565,56,597,118,105,565,613,583,579,"West"
"Alabama","0.05",2009,"AL",554,3473,558,3.62,3.9,3.58,2.7,3.44,4,533,619,541,560,725,564,565,262,567,585,162,583,468,378,489,596,279,590,1957,1516,534,575,553,563,"South"
"Alaska","0.16",2009,"AK",554,3473,558,3.62,3.9,3.58,2.7,3.44,4,533,619,541,560,725,564,565,262,567,585,162,583,468,378,489,596,279,590,1957,1516,534,575,553,563,"West"
"Arizona","0.31",2009,"AZ",523,21007,516,3.48,3.9,3.45,2.5,3.23,3.9,508,4600,507,530,3891,524,544,1568,537,547,719,537,478,3081,474,561,1117,552,11450,9557,505,541,515,518,"West"
"Arkansas","0.09",2009,"AR",573,1460,572,3.66,4,3.66,2.7,3.52,4.2,565,342,565,575,306,584,593,100,598,581,42,587,528,192,519,605,128,593,768,692,553,593,569,576,"South"
"California","0.45",2009,"CA",515,207301,500,3.37,3.9,3.34,2.8,3.05,3.7,504,35446,494,537,28124,525,549,12885,535,555,7124,543,458,42551,444,581,10210,565,114443,92858,495,536,496,505,"West"
"Colorado","0.19",2009,"CO",576,9986,568,3.57,4,3.48,3.3,3.36,4,557,1578,554,573,2102,570,588,999,576,582,537,572,526,677,519,591,863,580,5378,4608,558,594,566,570,"West"
"Connecticut","0.18",2009,"CT",514,35799,509,3.21,3.9,3.1,3.1,3.03,3.9,489,5738,489,519,5820,516,537,2684,529,544,1285,539,436,3448,437,590,2337,575,18606,17193,498,530,508,511,"Northeast"
"Delaware","0.1",2009,"DE",499,6707,495,3.29,3.9,3.16,2.9,3.09,3.9,482,1464,480,512,1266,511,527,494,519,530,202,539,440,946,437,576,261,563,3592,3115,480,518,491,500,"South"
"Florida","0.26",2009,"FL",499,100179,497,3.36,3.8,3.35,2.5,3.07,3.8,498,21521,499,520,14344,517,528,5330,524,534,2393,531,450,20864,453,553,4004,547,54699,45480,482,516,495,499,"South"
"Georgia","0.14",2009,"GA",492,63440,490,3.39,3.8,3.35,2.5,3.15,3.9,482,13885,484,513,9810,512,531,3841,525,539,1865,532,437,12170,438,563,2578,553,34571,28869,476,509,488,493,"South"
"Idaho","0.11",2009,"ID",541,3165,541,3.58,3.9,3.48,2.5,3.32,3.8,531,879,537,548,617,549,560,199,557,556,88,548,521,432,517,565,132,556,1703,1462,525,558,539,543,"West"
"Hawaii","0.16",2009,"HI",503,8313,478,3.29,3.9,3.38,2.5,3.01,3.8,485,1910,467,516,1350,491,530,418,500,528,139,499,459,1266,440,549,163,524,4426,3887,488,518,479,478,"West"
"Illinois","0.23",2009,"IL",605,8857,588,3.58,4,3.55,3.5,3.45,4,582,1286,569,613,1487,598,614,691,602,621,435,608,532,744,510,627,874,609,4711,4146,584,627,583,593,"Midwest"
"Indiana","0.08",2009,"IN",508,44511,496,3.33,3.9,3.2,2.9,3.07,3.8,500,12941,489,522,8687,506,537,2606,520,543,1035,530,462,7335,458,561,1230,545,24147,20364,489,528,490,502,"Midwest"
"Kansas","0.12",2009,"KS",590,2067,581,3.66,3.9,3.63,3,3.51,3.9,573,376,576,600,405,593,586,206,589,592,102,586,563,166,525,610,195,592,1064,1003,572,608,581,581,"Midwest"
"Iowa","0.08",2009,"IA",616,1105,609,3.78,4.1,3.72,3.5,3.6,4.1,606,236,608,622,238,614,617,98,628,621,45,614,575,85,547,624,88,619,572,533,600,632,611,608,"Midwest"
"Kentucky","0.05",2009,"KY",574,3115,573,3.69,4,3.61,3.1,3.55,4,556,590,563,572,675,568,588,248,588,580,137,584,539,217,532,587,285,586,1660,1455,555,594,571,575,"South"
"Louisiana","0.06",2009,"LA",559,2556,563,3.54,4,3.55,2.9,3.42,4.1,543,498,550,568,437,578,573,181,576,569,87,578,484,283,485,595,231,601,1364,1192,537,582,551,576,"South"
"Maine","0.07",2009,"ME",467,14954,468,3.19,3.8,3.16,2.5,3,3.7,483,1907,486,514,986,507,521,358,514,531,174,521,442,1498,452,547,242,534,7428,7526,459,475,474,462,"Northeast"
"Maryland","0.15",2009,"MD",503,46562,499,3.28,3.9,3.22,2.9,3.03,3.9,482,8079,483,523,7833,517,537,4037,532,552,2130,543,432,5271,434,580,2415,569,25145,21417,487,520,498,501,"South"
"Massachusetts","0.19",2009,"MA",526,60591,514,3.2,3.9,3.17,3.1,3.05,3.9,504,10264,496,533,9922,522,553,4224,537,568,2059,556,463,6907,446,595,2719,579,31711,28880,510,543,511,517,"Northeast"
"Michigan","0.1",2009,"MI",604,6055,584,3.72,4,3.69,3.1,3.56,4,581,1020,570,608,1173,587,608,587,591,622,295,609,541,488,512,617,497,595,3169,2886,583,625,581,587,"Midwest"
"Minnesota","0.13",2009,"MN",610,4685,595,3.69,4,3.68,3.5,3.57,4.1,590,719,581,610,920,605,618,440,610,619,208,611,558,284,518,628,464,612,2458,2227,592,628,596,594,"Midwest"
"Mississippi","0.03",2009,"MS",556,996,567,3.7,4,3.71,2.5,3.64,4.2,550,216,569,563,190,576,564,64,575,576,37,586,494,144,496,602,74,599,535,461,529,583,555,580,"South"
"Missouri","0.07",2009,"MO",600,3153,594,3.66,4,3.63,3.3,3.56,4,586,498,584,600,552,604,616,261,608,617,145,609,556,198,536,620,310,611,1558,1595,582,618,594,595,"Midwest"
"Montana","0.04",2009,"MT",544,2456,541,3.52,4,3.5,2.4,3.27,3.8,544,696,538,545,446,542,549,126,544,524,56,543,518,409,521,585,104,563,1365,1091,525,563,538,544,"West"
"Nevada","0.31",2009,"NV",506,8919,500,3.45,3.9,3.35,2.4,3.09,4,499,2144,497,517,1526,514,516,594,518,536,264,530,470,1356,465,538,431,530,4878,4041,490,522,501,500,"West"
"Nebraska","0.13",2009,"NE",597,1002,587,3.73,4,3.65,3.4,3.58,4,595,210,592,590,235,585,606,76,603,599,24,595,541,100,524,611,68,595,559,443,572,622,581,594,"Midwest"
"New Hampshire","0.08",2009,"NH",524,12351,522,3.31,4,3.18,3.1,3.07,3.9,503,2561,506,522,2386,520,537,948,532,548,435,546,481,1126,485,577,462,566,6530,5821,505,543,520,525,"Northeast"
"New Jersey","0.27",2009,"NJ",514,84417,496,3.3,3.9,3.27,2.9,3.14,3.8,495,14047,480,521,13665,505,538,6404,519,552,3192,531,444,10459,426,580,4616,559,44181,40236,497,531,493,499,"Northeast"
"New York","0.28",2009,"NY",503,159886,485,3.3,3.9,3.24,3.1,3.03,3.8,500,28399,486,527,20815,509,538,7944,520,546,3571,527,457,29402,436,583,4969,567,85318,74568,487,519,483,488,"Northeast"
"New Mexico","0.3",2009,"NM",548,2209,553,3.52,3.9,3.52,2.7,3.33,3.9,527,460,534,553,427,559,570,186,579,571,82,587,494,306,494,587,104,578,1188,1021,526,570,549,558,"West"
"North Carolina","0.13",2009,"NC",513,57147,495,3.45,3.9,3.32,2.5,3.18,3.9,506,13795,490,535,9345,517,551,3424,532,555,1582,540,456,11177,441,580,2009,561,31335,25812,498,528,493,498,"South"
"North Dakota","0.05",2009,"ND",594,238,590,3.71,4,3.7,2.8,3.5,4.1,605,72,600,585,47,584,579,14,604,573,12,611,501,25,526,627,15,617,122,116,574,614,591,589,"Midwest"
"Ohio","0.07",2009,"OH",547,30706,538,3.49,3.9,3.4,3.2,3.35,4,528,6385,525,555,6646,543,557,2563,546,573,1198,559,476,3210,475,588,1843,568,16202,14504,527,567,533,543,"Midwest"
"Oklahoma","0.1",2009,"OK",572,2002,576,3.68,4,3.69,2.7,3.54,4.1,560,475,565,575,394,587,580,134,579,575,75,574,534,216,538,588,173,591,1045,957,547,597,570,582,"South"
"Oregon","0.2",2009,"OR",527,18016,522,3.51,3.9,3.46,2.7,3.24,3.8,516,4558,514,537,3386,534,554,1120,547,553,507,551,481,2776,481,569,745,563,9810,8206,508,546,520,525,"West"
"Pennsylvania","0.11",2009,"PA",503,105066,493,3.4,3.9,3.3,2.8,3.21,3.9,493,26360,486,521,17492,511,536,5750,522,547,2495,537,450,15570,444,573,3269,558,56180,48886,485,521,489,497,"Northeast"
"Rhode Island","0.22",2009,"RI",498,8293,498,3.26,3.9,3.19,3.1,3.04,3.9,493,1480,496,519,1374,516,529,582,534,545,231,547,440,1054,440,569,309,562,4602,3691,480,516,494,502,"Northeast"
"South Carolina","0.08",2009,"SC",497,25217,486,3.38,3.9,3.29,2.7,3.2,4,493,6205,484,524,4263,511,539,1379,524,540,546,521,444,5481,435,553,755,545,13890,11327,482,512,483,489,"South"
"South Dakota","0.08",2009,"SD",601,283,589,3.68,4.1,3.71,2.8,3.63,4.3,581,81,571,609,57,605,276,14,294,584,9,616,548,34,564,603,17,637,150,133,580,623,588,591,"Midwest"
"Tennessee","0.07",2009,"TN",566,5911,572,3.62,3.9,3.56,3,3.48,4,543,1037,562,567,1056,575,589,441,593,581,259,590,506,529,508,592,603,588,3114,2797,545,588,566,578,"South"
"Utah","0.13",2009,"UT",558,2023,559,3.69,3.9,3.56,2.8,3.45,3.8,553,346,561,577,358,583,566,180,571,566,91,561,517,127,529,562,190,561,1000,1023,539,577,559,559,"West"
"Texas","0.35",2009,"TX",507,141733,485,3.44,3.9,3.39,2.6,3.21,3.8,502,28814,485,533,21330,514,547,8721,525,553,4164,536,458,30780,436,574,5974,552,75950,65783,492,522,483,488,"South"
"Vermont","0.04",2009,"VT",519,5306,518,3.38,4,3.3,3,3.15,3.9,508,1421,510,536,911,538,542,253,546,570,113,580,478,701,479,557,145,556,2875,2431,504,535,517,519,"Northeast"
"Virginia","0.13",2009,"VA",512,59612,511,3.34,3.9,3.15,3.3,3.1,4,490,11892,493,524,10682,524,541,4966,541,549,2522,548,449,7642,448,575,3039,569,31860,27752,496,529,509,514,"South"
"West Virginia","0.02",2009,"WV",503,3373,511,3.61,4,3.48,2.5,3.34,4.2,490,989,505,509,694,511,521,224,526,529,76,533,455,557,476,572,148,563,1925,1448,486,521,509,513,"South"
"Washington","0.2",2009,"WA",532,36687,524,3.51,3.9,3.44,2.7,3.2,3.9,521,8192,517,543,7149,536,554,2787,545,557,1212,552,479,4695,470,571,1516,560,19969,16718,515,550,522,527,"West"
"Wisconsin","0.11",2009,"WI",609,3192,594,3.71,4,3.66,3.6,3.59,4,596,618,586,609,652,599,619,269,608,618,143,611,558,242,528,629,273,599,1667,1525,589,629,591,598,"Midwest"
"Wyoming","0.05",2009,"WY",574,274,568,3.75,4,3.66,3,3.54,4,557,64,563,572,69,565,534,19,544,520,9,526,267,24,263,599,17,628,163,111,542,606,559,577,"West"
"Wyoming","0.06",2010,"WY",546,256,570,3.73,4,3.61,3,3.5,4,494,15,524,536,28,556,584,35,596,523,23,545,542,11,539,575,67,584,143,113,555,583,569,571,"West"
"Wisconsin","0.11",2010,"WI",604,3002,595,3.71,4,3.68,3.6,3.57,4.1,562,143,549,581,218,580,595,308,590,611,309,604,543,70,529,615,909,610,1606,1396,587,623,596,593,"Midwest"
"Washington","0.22",2010,"WA",532,37631,524,3.52,3.9,3.45,2.7,3.21,3.9,497,3123,487,513,3544,511,526,3907,522,537,3614,529,473,1876,455,561,8838,552,20116,17515,515,551,522,527,"West"
"West Virginia","0.02",2010,"WV",507,2873,515,3.63,3.9,3.5,2.5,3.44,4.2,489,287,499,489,386,501,506,399,509,509,337,520,450,145,467,535,638,538,1607,1266,489,530,511,521,"South"
"Virginia","0.15",2010,"VA",512,59031,512,3.37,3.9,3.19,3.3,3.13,4.1,463,4793,465,488,5138,490,501,5494,501,519,5119,520,439,2647,435,551,15170,549,31384,27647,496,531,510,514,"South"
"Vermont","0.06",2010,"VT",521,5164,519,3.4,3.9,3.29,2.9,3.21,3.9,491,464,493,512,605,519,528,643,522,532,512,531,467,196,474,559,826,550,2828,2336,504,541,516,522,"Northeast"
"Texas","0.36",2010,"TX",506,148102,484,3.45,3.9,3.39,2.6,3.23,3.8,472,18953,450,496,15286,478,510,12928,493,528,11328,509,446,13775,421,556,28246,534,78867,69235,491,522,481,488,"South"
"Utah","0.13",2010,"UT",559,1933,568,3.72,4,3.6,2.8,3.47,3.9,502,94,526,542,139,554,556,196,568,562,194,578,530,41,542,575,594,587,1012,921,546,573,570,565,"West"
"Tennessee","0.07",2010,"TN",571,5461,576,3.66,4,3.57,3.1,3.51,4.1,524,328,539,533,420,556,567,505,574,562,470,578,503,171,504,588,1673,591,2845,2616,552,592,574,577,"South"
"South Dakota","0.09",2010,"SD",603,234,592,3.74,4,3.68,2.8,3.61,4.3,547,21,559,609,30,587,609,32,591,583,24,618,549,7,510,589,59,617,119,115,575,632,578,607,"Midwest"
"South Carolina","0.08",2010,"SC",495,25122,484,3.41,3.9,3.3,2.7,3.24,4,464,3267,452,489,2994,478,499,2776,487,517,2365,506,433,2231,423,543,4405,528,13865,11257,482,511,483,487,"South"
"Rhode Island","0.24",2010,"RI",495,8369,494,3.26,3.9,3.21,3.1,3.05,3.9,466,520,464,483,641,485,498,776,495,517,682,518,422,446,420,542,1578,538,4564,3805,479,514,491,498,"Northeast"
"Pennsylvania","0.11",2010,"PA",502,104593,492,3.42,3.9,3.3,2.8,3.23,3.9,466,9708,460,489,11673,482,502,11744,493,515,9633,505,434,5186,426,546,19074,533,55856,48737,485,519,490,494,"Northeast"
"Oregon","0.19",2010,"OR",526,18461,523,3.51,3.9,3.47,2.7,3.26,3.8,498,1903,498,512,2176,517,523,2131,523,536,1781,535,476,1061,471,557,3516,553,10131,8330,506,547,519,527,"West"
"Oklahoma","0.1",2010,"OK",568,1895,569,3.69,3.9,3.69,2.7,3.56,4,547,152,535,548,213,559,555,187,568,575,214,578,516,86,502,583,505,583,983,912,545,594,565,574,"South"
"Ohio","0.07",2010,"OH",548,28384,538,3.51,3.9,3.41,3.2,3.38,4,496,1932,494,522,2569,517,540,2915,533,548,3073,540,465,1074,462,572,7864,558,15050,13334,529,569,535,543,"Midwest"
"North Dakota","0.05",2010,"ND",597,265,579,3.76,4.1,3.72,2.9,3.62,4.1,570,32,557,608,33,599,619,27,600,597,36,589,493,11,508,576,61,595,149,116,578,616,587,572,"Midwest"
"North Carolina","0.14",2010,"NC",511,57841,497,3.47,3.8,3.34,2.5,3.21,3.9,476,6823,460,500,6614,487,516,6272,501,531,5027,515,449,4144,432,558,10568,543,31650,26191,499,526,496,498,"South"
"New Mexico","0.32",2010,"NM",549,2074,553,3.56,3.9,3.54,2.7,3.34,4,517,202,524,526,234,532,532,250,539,550,199,566,523,95,491,576,510,579,1106,968,533,567,553,552,"West"
"New York","0.29",2010,"NY",499,161139,484,3.31,3.8,3.26,3.1,3.06,3.8,472,15327,455,492,13066,480,506,12217,495,521,10797,506,444,13330,419,551,25921,534,85720,75419,485,516,482,487,"Northeast"
"New Jersey","0.28",2010,"NJ",514,84874,495,3.32,3.9,3.29,3,3.16,3.8,466,5901,446,492,6249,474,505,6653,488,519,6565,501,437,4318,415,551,20261,529,44162,40712,498,532,493,498,"Northeast"
"New Hampshire","0.07",2010,"NH",524,12351,520,3.34,4,3.2,3.1,3.09,3.9,490,739,489,501,1069,503,513,1335,510,519,1135,518,475,381,471,553,2786,544,6634,5717,508,542,517,524,"Northeast"
"Nebraska","0.14",2010,"NE",593,957,585,3.76,4,3.66,3.5,3.63,4.1,571,58,571,581,94,566,594,118,584,602,99,597,527,21,541,604,254,606,514,443,569,621,576,595,"Midwest"
"Nevada","0.33",2010,"NV",501,9460,496,3.42,3.9,3.36,2.4,3.08,4,477,1058,472,498,1108,493,501,995,499,512,855,508,460,541,447,526,1821,520,5211,4249,483,523,493,500,"West"
"Montana","0.05",2010,"MT",607,4390,594,3.53,4,3.48,2.4,3.22,3.8,514,254,525,535,370,530,541,349,541,548,278,539,507,118,513,559,452,552,2378,2012,588,629,593,596,"West"
"Missouri","0.07",2010,"MO",605,5606,585,3.65,4,3.62,3.3,3.54,4,538,157,542,570,222,580,574,227,583,591,238,587,531,62,506,608,933,608,2937,2669,588,624,584,587,"Midwest"
"Mississippi","0.03",2010,"MS",548,938,566,3.7,4,3.72,2.5,3.61,4.2,512,85,525,531,100,557,538,106,560,565,87,587,454,62,464,582,221,603,515,423,533,567,566,566,"South"
"Minnesota","0.13",2010,"MN",608,4390,594,3.71,4,3.67,3.4,3.56,4.1,556,199,545,580,292,563,579,416,571,609,398,607,540,94,504,619,1430,607,2378,2012,588,629,593,596,"Midwest"
"Michigan","0.1",2010,"MI",605,5606,585,3.73,4,3.7,3.2,3.59,4.1,546,310,525,576,398,555,591,504,582,602,542,582,528,193,496,621,1697,600,2937,2669,588,624,584,587,"Midwest"
"Massachusetts","0.21",2010,"MA",527,61104,512,3.23,3.9,3.19,3.1,3.1,3.9,483,3573,467,505,4168,492,516,4941,507,532,4705,519,453,2900,430,565,13440,549,32269,28835,510,545,509,516,"Northeast"
"Maryland","0.16",2010,"MD",506,46370,501,3.29,3.9,3.23,2.9,3.06,3.9,456,3179,453,477,3533,476,501,3710,497,516,3635,509,431,1988,425,549,12102,540,24737,21633,489,525,499,503,"South"
"Maine","0.05",2010,"ME",467,15383,468,3.26,3.9,3.22,2.6,3.09,3.8,471,729,483,492,723,495,507,687,510,515,511,512,434,397,441,539,1084,536,7442,7941,461,473,476,461,"Northeast"
"Louisiana","0.06",2010,"LA",550,2447,555,3.55,4,3.57,2.9,3.41,4.2,496,181,502,517,211,529,527,209,542,552,192,568,470,121,461,575,677,577,1412,1035,531,575,549,564,"South"
"Kentucky","0.06",2010,"KY",575,2808,575,3.72,4,3.65,3.1,3.59,4.1,538,181,531,549,225,553,560,296,568,572,297,578,536,83,524,587,854,591,1441,1367,556,595,572,578,"South"
"Iowa","0.1",2010,"IA",614,1099,603,3.8,4.1,3.74,3.6,3.63,4.2,548,53,554,625,84,604,594,117,605,631,126,614,558,40,503,627,332,621,570,529,592,637,599,607,"Midwest"
"Kansas","0.13",2010,"KS",595,1822,589,3.69,4,3.63,3.1,3.51,4,556,97,541,585,129,586,566,197,570,615,189,612,549,43,509,618,586,615,930,892,583,607,590,589,"Midwest"
"Indiana","0.1",2010,"IN",541,3336,543,3.32,3.9,3.17,2.8,3.07,3.9,476,5314,469,495,5887,485,508,6161,496,519,4666,504,446,2714,443,545,8088,528,1735,1601,523,561,542,545,"Midwest"
"Illinois","0.24",2010,"IL",601,8508,585,3.58,4,3.57,3.5,3.46,4,529,469,518,571,570,554,584,639,573,610,641,595,471,334,462,629,2592,614,4456,4052,582,620,581,589,"Midwest"
"Hawaii","0.17",2010,"HI",505,8068,483,3.31,3.9,3.39,2.5,3.04,3.8,475,734,460,484,784,468,495,884,473,515,710,492,462,452,441,550,1309,523,4368,3700,493,518,482,484,"West"
"Idaho","0.13",2010,"ID",541,3336,543,3.59,4,3.48,2.4,3.32,3.9,515,343,522,529,427,533,542,413,549,556,366,552,513,157,519,566,646,559,1735,1601,523,561,542,545,"West"
"Georgia","0.14",2010,"GA",490,66019,488,3.4,3.8,3.36,2.5,3.17,3.9,454,7542,456,476,7166,479,493,6283,494,511,5268,510,429,5484,427,540,12366,534,36324,29695,475,508,486,492,"South"
"Florida","0.28",2010,"FL",499,102741,496,3.38,3.8,3.35,2.5,3.09,3.9,473,13447,474,495,10930,496,508,9400,508,521,7455,516,441,9183,442,541,16928,534,56012,46729,483,516,495,497,"South"
"Delaware","0.13",2010,"DE",495,6787,493,3.34,3.9,3.21,3,3.16,3.9,449,638,449,476,675,478,493,690,488,506,581,503,436,337,430,535,1441,534,3753,3034,479,515,490,498,"South"
"Connecticut","0.2",2010,"CT",514,36076,509,3.24,3.9,3.13,3.1,3.07,3.9,457,2092,458,482,2389,480,498,2714,498,518,2742,514,426,1432,424,551,8642,542,18681,17395,497,531,507,512,"Northeast"
"Colorado","0.2",2010,"CO",574,9328,568,3.59,4,3.51,3.3,3.39,4,532,463,539,550,662,551,558,836,558,574,892,569,507,249,498,586,3064,578,5095,4233,554,594,566,570,"West"
"California","0.46",2010,"CA",518,210926,501,3.4,3.9,3.37,2.8,3.08,3.7,477,24459,461,501,17908,488,520,15514,508,537,13529,525,457,19669,436,563,41663,550,116085,94841,497,539,496,507,"West"
"Arkansas","0.09",2010,"AR",568,1340,566,3.69,4,3.68,2.7,3.52,4.2,530,132,523,546,135,549,562,166,563,574,160,578,510,71,489,591,333,591,747,593,547,590,563,569,"South"
"Arizona","0.3",2010,"AZ",527,20690,519,3.5,3.9,3.46,2.5,3.27,4,491,2148,487,506,2217,505,523,2118,519,531,1900,525,472,1166,463,553,4486,542,11306,9384,508,546,516,522,"West"
"Alaska","0.14",2010,"AK",515,3772,518,3.46,3.9,3.41,2.3,3.13,3.6,485,250,496,500,320,498,508,422,519,516,410,526,450,131,460,545,927,540,2109,1663,501,533,518,519,"West"
"Alabama","0.06",2010,"AL",550,3365,556,3.62,3.9,3.59,2.7,3.45,4,490,241,501,516,283,530,534,326,549,563,358,575,445,176,452,581,998,581,1870,1495,528,578,549,567,"South"
"Alabama","0.06",2015,"AL",541,2929,547,3.67,4,3.64,2.5,3.47,4.1,474,239,485,507,242,517,545,273,544,531,290,547,441,196,459,567,884,574,1676,1253,514,569,535,559,"South"
"Alaska","0.13",2015,"AK",505,3799,509,3.49,3.9,3.47,2.2,3.14,3.7,468,214,478,488,297,498,506,377,511,518,348,522,426,181,429,533,1050,537,2162,1637,490,521,507,512,"West"
"Arizona","0.29",2015,"AZ",529,21545,523,3.52,3.9,3.51,2.5,3.29,4,494,2426,491,512,2295,510,524,2179,523,538,1869,534,469,1477,465,555,5211,547,12014,9531,510,548,518,529,"West"
"Arkansas","0.1",2015,"AR",572,1207,569,3.73,4,3.74,2.6,3.64,4.2,538,120,528,551,119,548,552,136,555,575,122,570,509,54,500,582,348,589,684,523,551,593,562,576,"South"
"California","0.45",2015,"CA",507,241553,496,3.42,3.9,3.42,2.8,3.1,3.8,472,31745,461,492,22351,484,509,17074,502,528,14263,521,445,27451,435,560,46127,549,133217,108336,488,527,490,502,"West"
"Colorado","0.2",2015,"CO",588,6485,582,3.69,4,3.65,3.3,3.49,4.1,554,308,547,560,418,552,570,514,575,584,600,586,525,160,519,598,2472,591,3571,2914,570,607,580,585,"West"
"Delaware","0.14",2015,"DE",462,9823,462,3.34,3.8,3.29,3,3.21,3.8,440,580,451,468,617,467,480,564,485,502,490,501,404,546,402,527,1523,528,5099,4724,453,471,465,460,"South"
"Connecticut","0.21",2015,"CT",506,36445,504,3.33,3.9,3.25,3.1,3.16,3.9,459,2133,462,481,2229,485,499,2473,501,518,2408,514,417,1679,424,552,9471,545,18891,17554,492,520,503,505,"Northeast"
"Georgia","0.16",2015,"GA",486,72898,490,3.47,3.7,3.43,2.5,3.26,3.7,450,8632,457,468,7551,476,483,6170,494,498,5226,504,422,6739,428,532,13554,532,39622,33276,472,501,486,494,"South"
"Florida","0.29",2015,"FL",481,122939,486,3.45,3.8,3.44,2.5,3.16,3.9,462,15548,473,483,11856,493,500,8970,509,512,7355,518,424,12610,434,533,18199,534,66340,56599,468,494,486,486,"South"
"Hawaii","0.21",2015,"HI",509,7888,487,3.4,3.9,3.48,2.5,3.15,3.9,478,800,459,489,843,471,500,820,486,508,730,487,452,554,430,542,1563,522,4410,3478,495,523,483,491,"West"
"Illinois","0.24",2015,"IL",616,5728,599,3.68,4,3.69,3.4,3.57,4.1,552,313,529,572,359,563,583,368,569,608,413,595,534,204,518,629,1940,612,2958,2770,598,635,595,603,"Midwest"
"Idaho","0.1",2015,"ID",463,17695,467,3.4,3.6,3.33,1.9,3.09,3.6,461,1147,462,476,1170,482,493,1035,495,512,669,512,422,833,427,517,1367,520,8796,8899,454,472,472,463,"West"
"Indiana","0.1",2015,"IN",501,47548,496,3.41,3.9,3.27,2.9,3.17,3.9,463,5248,467,487,5463,487,500,5652,498,512,4743,507,436,3308,440,538,10014,529,26429,21119,483,519,490,503,"Midwest"
"Kansas","0.14",2015,"KS",594,1528,588,3.72,3.9,3.71,3,3.54,4,539,95,535,560,113,566,573,119,580,567,138,569,515,44,481,614,505,614,824,704,571,618,581,596,"Midwest"
"Iowa","0.1",2015,"IA",602,986,590,3.77,4,3.72,3.4,3.63,4.1,523,64,527,547,72,547,580,100,576,604,79,589,552,33,519,617,344,609,546,440,582,622,586,594,"Midwest"
"Kentucky","0.07",2015,"KY",588,1731,588,3.77,4,3.75,2.9,3.67,4.1,516,114,523,570,117,575,568,140,569,576,151,581,511,57,497,605,596,605,897,834,565,612,583,593,"South"
"Louisiana","0.07",2015,"LA",561,1976,564,3.65,4,3.63,2.9,3.5,4.2,503,162,504,531,163,539,522,155,538,552,144,562,473,110,475,582,599,584,1071,905,537,586,551,578,"South"
"Maine","0.05",2015,"ME",472,13936,468,3.58,4,3.52,2.9,3.4,3.9,500,301,506,512,336,517,532,317,532,544,303,537,465,206,467,565,915,552,6779,7157,465,479,476,461,"Northeast"
"Maryland","0.18",2015,"MD",493,48845,490,3.35,3.9,3.31,2.9,3.11,3.9,464,3025,459,476,3121,474,497,3040,496,514,3045,513,421,2327,420,550,12004,541,25831,23014,480,507,490,491,"South"
"Massachusetts","0.22",2015,"MA",530,61277,516,3.34,3.9,3.31,3.1,3.21,3.9,486,3791,471,507,3802,495,519,4317,511,533,4454,525,452,3152,432,563,16150,550,32209,29068,514,547,512,521,"Northeast"
"Minnesota","0.14",2015,"MN",608,3205,595,3.74,4,3.68,3.4,3.57,4.1,562,156,560,561,202,550,579,198,575,591,275,582,544,90,514,617,1095,610,1744,1461,590,627,593,597,"Midwest"
"Michigan","0.11",2015,"MI",610,3765,594,3.76,4,3.78,3.2,3.66,4.2,549,216,535,558,236,546,589,282,586,604,317,597,530,120,507,628,1273,610,1996,1769,585,636,584,604,"Midwest"
"Mississippi","0.04",2015,"MS",567,858,582,3.79,4,3.78,2.4,3.72,4.2,518,86,535,547,74,562,533,74,575,582,72,597,473,55,483,591,252,607,487,371,539,596,566,599,"South"
"Montana","0.05",2015,"MT",558,1362,561,3.69,4,3.67,2.5,3.4,3.9,545,102,553,545,157,555,559,165,568,548,138,556,521,50,521,568,347,564,771,591,542,575,558,565,"West"
"Missouri","0.07",2015,"MO",599,2379,596,3.7,4,3.68,3.3,3.59,4.1,531,124,537,558,165,574,578,175,584,600,214,599,524,76,531,613,759,613,1218,1161,585,613,597,595,"Midwest"
"Nebraska","0.13",2015,"NE",592,723,589,3.77,4,3.71,3.5,3.57,4.1,530,55,519,563,58,568,576,75,586,599,64,598,538,31,493,612,235,614,406,317,575,609,586,593,"Midwest"
"New Hampshire","0.07",2015,"NH",531,10738,525,3.42,4,3.27,3.1,3.19,4,496,705,497,505,839,499,518,1070,517,517,1001,516,471,327,463,551,2990,541,5676,5062,514,548,522,528,"Northeast"
"Nevada","0.32",2015,"NV",496,11487,494,3.44,3.9,3.39,2.3,3.04,3.9,471,1641,472,489,1355,490,498,1130,500,514,872,513,443,1063,447,529,2116,529,6548,4939,479,513,490,499,"West"
"New Jersey","0.29",2015,"NJ",521,85021,500,3.39,3.9,3.39,3,3.25,3.8,480,6172,458,499,5690,479,513,5600,495,528,5746,510,441,5184,417,557,21707,537,44276,40745,507,536,497,504,"Northeast"
"New York","0.3",2015,"NY",502,153543,489,3.41,3.8,3.35,3.1,3.15,3.8,482,14073,467,495,11313,486,509,10274,501,522,9833,512,449,14136,427,552,27945,539,81284,72259,488,517,486,492,"Northeast"
"New Mexico","0.28",2015,"NM",545,2292,551,3.58,3.9,3.59,2.7,3.36,4.1,494,224,498,515,248,529,530,210,537,543,240,547,490,147,483,576,607,585,1267,1025,526,565,546,557,"West"
"North Carolina","0.15",2015,"NC",505,58022,498,3.54,3.8,3.44,2.5,3.34,4,465,7211,460,489,6144,486,503,5418,498,520,4860,511,433,4866,430,548,11725,539,32246,25776,491,520,494,502,"South"
"North Dakota","0.04",2015,"ND",609,134,598,3.88,4.1,3.79,2.7,3.76,4.3,464,5,542,586,13,587,615,8,645,624,16,651,0,4,0,622,52,623,73,61,589,630,590,606,"Midwest"
"Ohio","0.07",2015,"OH",564,17253,557,3.61,4,3.54,3.3,3.49,4.2,507,1127,508,531,1276,531,546,1554,543,558,1707,552,480,644,470,583,5385,574,9051,8202,545,583,550,564,"Midwest"
"Oklahoma","0.12",2015,"OK",570,1720,576,3.74,3.9,3.73,2.6,3.6,4.1,533,138,540,558,187,566,548,164,551,566,190,577,504,67,487,583,518,590,889,831,551,589,569,583,"South"
"Oregon","0.2",2015,"OR",523,17405,524,3.55,3.9,3.52,2.7,3.31,3.8,488,1796,493,505,1761,510,516,1950,521,526,1582,532,469,1080,470,555,4147,555,9778,7627,503,543,518,531,"West"
"Rhode Island","0.23",2015,"RI",495,8103,494,3.34,3.9,3.28,3.1,3.13,3.9,467,553,472,488,593,494,494,625,497,515,608,517,431,477,432,542,1793,539,4376,3727,481,509,491,497,"Northeast"
"Pennsylvania","0.11",2015,"PA",505,96826,499,3.51,3.9,3.41,2.8,3.33,3.9,469,8051,468,489,8900,487,502,9628,499,515,8383,510,430,5615,427,547,21365,537,52219,44607,489,521,494,504,"Northeast"
"South Carolina","0.08",2015,"SC",488,26336,488,3.51,4,3.42,2.7,3.32,4,447,2999,451,473,2633,478,481,2481,485,494,1958,497,417,2214,422,522,4332,521,14451,11885,473,503,485,492,"South"
"Tennessee","0.09",2015,"TN",574,4497,581,3.7,4,3.64,3.1,3.6,4.1,526,267,531,540,314,559,553,307,566,576,321,591,500,143,505,581,1505,589,2271,2226,556,592,576,586,"South"
"South Dakota","0.06",2015,"SD",599,238,593,3.79,4,3.76,2.9,3.68,4.3,535,22,564,554,16,597,568,27,569,613,27,606,452,11,491,578,60,604,129,109,575,623,584,602,"Midwest"
"Texas","0.36",2015,"TX",487,193768,470,3.44,3.8,3.46,2.6,3.27,3.9,465,21287,449,483,17312,471,497,13589,488,515,11822,504,432,18437,413,543,34262,528,103753,90015,474,500,468,472,"South"
"Vermont","0.05",2015,"VT",524,4564,522,3.5,3.9,3.42,2.9,3.27,3.9,498,357,508,507,425,514,521,465,523,528,469,528,469,180,467,555,952,553,2445,2119,510,539,521,524,"Northeast"
"Utah","0.14",2015,"UT",575,1527,579,3.77,4,3.72,3,3.6,4,537,84,535,566,88,568,580,134,585,582,128,574,532,49,509,601,514,606,783,744,550,601,568,590,"West"
"Virginia","0.15",2015,"VA",517,59621,518,3.47,3.9,3.32,3.3,3.17,4.1,469,4906,472,488,5070,494,496,4843,505,514,4797,518,441,3114,446,549,16858,550,31765,27856,502,532,516,521,"South"
"West Virginia","0.02",2015,"WV",500,2501,509,3.71,3.9,3.57,2.5,3.47,4.2,468,269,481,483,294,492,487,281,501,503,297,511,448,159,455,522,696,532,1451,1050,487,513,506,512,"South"
"Washington","0.22",2015,"WA",511,44423,502,3.5,3.9,3.46,2.6,3.22,3.9,483,3689,473,503,3454,499,521,3619,517,534,3496,530,449,2668,437,560,10262,552,23654,20769,498,525,502,503,"West"
"Wisconsin","0.11",2015,"WI",606,2277,591,3.77,4.1,3.72,3.5,3.64,4.1,551,127,544,596,174,579,590,172,580,605,213,595,573,60,532,615,730,603,1219,1058,585,627,586,597,"Midwest"
"Wyoming","0.1",2015,"WY",587,181,588,3.84,4.1,3.75,3.2,3.64,4.2,533,12,560,550,21,572,561,14,604,598,27,587,0,3,0,573,63,591,98,83,571,604,595,582,"West"
"Wyoming","0.08",2011,"WY",570,276,571,3.75,4,3.72,3.1,3.58,4,526,18,554,547,35,559,587,25,606,553,30,563,545,13,551,546,67,571,153,123,557,584,574,569,"West"
"Wisconsin","0.11",2011,"WI",604,3059,590,3.71,4.1,3.66,3.6,3.59,4.1,558,159,537,569,229,553,597,290,588,610,296,597,559,80,529,614,823,603,1649,1410,586,622,587,594,"Midwest"
"Washington","0.22",2011,"WA",530,38972,523,3.53,3.9,3.44,2.6,3.22,3.9,493,3302,486,516,3491,509,525,3784,521,539,3551,533,470,2107,451,559,8441,552,21008,17964,513,547,521,525,"West"
"West Virginia","0.02",2011,"WV",503,2993,514,3.63,4,3.53,2.6,3.4,4.2,472,312,487,484,337,503,503,336,521,510,308,516,457,164,465,523,683,530,1630,1363,481,525,509,520,"South"
"Virginia","0.15",2011,"VA",509,61398,511,3.39,3.9,3.19,3.3,3.14,4.1,461,4856,463,485,4952,490,498,5056,502,510,4692,517,440,3068,436,546,14887,547,32639,28759,494,525,509,514,"South"
"Utah","0.15",2011,"UT",559,2124,563,3.72,4,3.64,2.9,3.49,3.9,534,107,545,550,150,546,554,185,570,572,197,569,523,67,516,571,548,579,1091,1033,541,578,564,563,"West"
"Vermont","0.05",2011,"VT",519,5014,515,3.41,4,3.32,3,3.2,3.9,496,418,492,504,522,510,515,576,519,533,462,525,479,192,471,553,861,545,2709,2305,503,536,513,518,"Northeast"
"Texas","0.36",2011,"TX",502,166012,479,3.44,3.8,3.38,2.6,3.23,3.9,472,19583,446,494,15684,473,508,12834,487,523,10703,502,446,15368,417,549,27198,526,88503,77509,489,516,476,482,"South"
"Tennessee","0.08",2011,"TN",568,5752,575,3.68,4,3.61,3.1,3.56,4.1,519,347,530,542,417,552,552,433,560,568,454,578,493,193,492,582,1538,591,2961,2791,550,587,573,577,"South"
"South Carolina","0.07",2011,"SC",491,26452,482,3.41,3.9,3.3,2.7,3.25,4,456,3216,447,479,2813,475,497,2730,490,507,2084,496,428,2235,418,530,4041,522,14522,11930,477,505,479,485,"South"
"South Dakota","0.07",2011,"SD",591,306,584,3.78,4,3.72,2.7,3.65,4.3,539,26,537,585,40,606,571,34,577,593,33,591,458,12,488,591,75,612,151,155,560,623,565,603,"Midwest"
"Rhode Island","0.23",2011,"RI",495,8208,495,3.27,3.9,3.2,3.1,3.05,3.9,463,530,467,482,654,484,496,666,499,509,609,510,423,463,423,536,1566,536,4549,3659,478,512,491,500,"Northeast"
"Oregon","0.21",2011,"OR",523,18754,520,3.52,3.9,3.48,2.7,3.27,3.8,493,1947,493,507,2126,510,519,1980,518,536,1624,533,472,1187,471,556,3413,553,10466,8288,506,541,518,523,"West"
"Pennsylvania","0.11",2011,"PA",501,105907,493,3.43,3.9,3.31,2.8,3.25,3.9,466,9405,461,487,10863,482,501,10724,494,516,8875,506,434,5296,427,545,17993,534,56396,49511,486,517,490,497,"Northeast"
"Oklahoma","0.11",2011,"OK",566,2110,571,3.7,4,3.68,2.7,3.56,4.1,535,182,541,534,210,541,559,189,572,564,187,578,511,75,492,575,529,584,1116,994,545,588,565,578,"South"
"Ohio","0.07",2011,"OH",546,27765,539,3.53,3.9,3.43,3.2,3.39,4,493,1897,493,520,2297,521,536,2791,534,549,2706,541,469,1081,462,567,7000,558,14753,13012,528,564,535,544,"Midwest"
"North Dakota","0.05",2011,"ND",612,219,586,3.83,4.1,3.78,3,3.72,4.3,540,13,551,547,18,554,597,28,590,628,25,588,0,4,0,572,68,608,111,108,584,640,578,594,"Midwest"
"North Carolina","0.14",2011,"NC",509,62149,494,3.48,3.8,3.33,2.4,3.23,3.9,474,7011,459,494,6621,479,511,5809,495,527,4643,511,446,4573,429,553,9901,537,33752,28397,496,523,491,497,"South"
"New Mexico","0.32",2011,"NM",542,2295,548,3.54,4,3.53,2.7,3.33,3.9,509,210,507,508,221,528,533,218,540,541,207,543,480,153,475,570,525,577,1232,1063,525,560,545,551,"West"
"New York","0.29",2011,"NY",500,162947,485,3.32,3.8,3.27,3.1,3.02,3.8,473,14516,455,491,12315,479,506,11547,496,520,10243,505,444,13655,418,550,25733,534,86142,76805,486,514,482,488,"Northeast"
"New Jersey","0.28",2011,"NJ",516,86515,495,3.33,3.9,3.3,3,3.17,3.8,470,5745,448,491,5930,471,505,6136,488,520,6008,501,440,4419,414,551,19292,529,45101,41414,502,531,492,499,"Northeast"
"Nevada","0.34",2011,"NV",498,10391,494,3.43,3.9,3.34,2.3,3.06,4,473,1249,473,486,1170,482,497,1004,499,516,838,508,452,681,446,527,1701,521,5786,4605,481,515,492,496,"West"
"New Hampshire","0.07",2011,"NH",525,12044,522,3.36,4,3.2,3.1,3.12,3.9,494,740,494,504,1044,507,513,1144,512,519,1121,519,462,382,452,548,2725,539,6334,5710,508,543,520,525,"Northeast"
"Nebraska","0.12",2011,"NE",592,980,584,3.76,4.1,3.68,3.4,3.6,4.2,560,70,561,565,87,559,571,101,556,614,98,606,501,30,492,602,240,606,509,471,570,614,585,584,"Midwest"
"Montana","0.05",2011,"MT",537,2658,539,3.55,3.9,3.49,2.4,3.24,3.8,528,318,527,526,350,529,540,316,535,532,239,530,504,105,513,557,432,555,1449,1209,525,550,539,539,"West"
"Mississippi","0.04",2011,"MS",546,1090,566,3.71,4,3.7,2.4,3.61,4.1,497,105,520,530,99,555,547,83,576,569,78,580,427,68,445,576,282,595,612,478,515,577,550,583,"South"
"Missouri","0.07",2011,"MO",593,3222,592,3.67,4,3.63,3.3,3.53,4.1,540,167,534,549,207,548,571,231,580,598,243,596,498,101,490,613,851,615,1586,1636,575,611,589,595,"Midwest"
"Minnesota","0.13",2011,"MN",609,4472,593,3.69,4,3.68,3.4,3.58,4.1,548,229,541,575,290,570,595,338,585,613,363,604,548,126,515,621,1341,607,2383,2089,588,630,588,598,"Midwest"
"Massachusetts","0.21",2011,"MA",528,61813,513,3.24,3.9,3.2,3.1,3.12,3.9,483,3606,468,504,4093,492,516,4677,504,530,4558,516,455,2874,432,566,13251,551,32416,29397,512,544,509,518,"Northeast"
"Michigan","0.1",2011,"MI",605,5376,583,3.73,4.1,3.71,3.2,3.6,4.2,549,296,535,565,401,552,590,427,576,609,439,589,528,198,483,626,1473,603,2850,2526,587,624,580,586,"Midwest"
"Maryland","0.17",2011,"MD",502,47787,499,3.3,3.9,3.24,2.9,3.07,3.9,457,3152,454,478,3314,476,494,3432,491,511,3439,508,427,2101,425,546,11502,540,25547,22240,487,518,497,502,"South"
"Maine","0.05",2011,"ME",469,14975,469,3.44,4,3.39,2.9,3.29,3.9,486,401,496,511,465,515,527,464,533,531,366,522,467,243,461,549,800,536,7413,7562,462,476,474,465,"Northeast"
"Louisiana","0.06",2011,"LA",553,2787,556,3.55,4.1,3.54,3,3.43,4.2,488,226,497,525,229,534,539,205,553,538,223,542,453,129,456,584,661,582,1559,1228,529,577,546,567,"South"
"Kentucky","0.06",2011,"KY",572,2692,576,3.73,4,3.65,3.1,3.58,4.1,531,132,532,545,212,558,556,214,569,576,233,586,506,71,514,585,760,585,1416,1276,551,594,571,581,"South"
"Iowa","0.1",2011,"IA",606,1254,596,3.78,4.1,3.69,3.5,3.61,4.2,544,68,545,594,96,576,578,118,570,605,119,612,589,37,508,626,363,617,633,621,586,627,591,602,"Midwest"
"Kansas","0.14",2011,"KS",592,2093,580,3.67,4,3.63,3,3.52,4,551,132,541,577,171,570,567,168,572,604,181,599,546,59,516,604,590,592,1110,983,576,608,579,581,"Midwest"
"Indiana","0.1",2011,"IN",502,48267,493,3.33,3.9,3.17,2.8,3.07,3.9,471,5556,467,490,5954,483,501,5851,493,515,4649,502,445,2986,441,542,7935,529,26208,22059,485,519,489,497,"Midwest"
"Idaho","0.12",2011,"ID",539,3557,542,3.61,4,3.48,2.5,3.32,3.9,528,384,528,517,413,529,546,405,546,543,340,548,497,178,523,560,664,558,1868,1689,522,557,540,544,"West"
"Illinois","0.25",2011,"IL",617,7819,599,3.65,4,3.63,3.5,3.54,4.1,565,376,545,584,486,571,593,545,587,608,587,595,564,208,532,629,2212,610,4082,3737,600,635,595,603,"Midwest"
"Hawaii","0.19",2011,"HI",501,8731,479,3.31,3.9,3.39,2.5,3.04,3.8,468,725,445,479,851,466,491,832,468,512,714,486,448,541,430,550,1266,518,4798,3933,487,516,476,482,"West"
"Georgia","0.15",2011,"GA",488,72510,486,3.4,3.8,3.36,2.5,3.19,3.9,452,8058,451,472,6975,475,486,6149,487,502,5051,502,426,6010,423,534,11739,529,39208,33302,474,502,484,488,"South"
"Florida","0.28",2011,"FL",490,114769,487,3.36,3.8,3.35,2.5,3.09,3.9,467,13795,468,488,10579,489,503,8660,502,517,6821,514,435,10869,434,536,15309,530,61923,52846,476,505,487,488,"South"
"Delaware","0.15",2011,"DE",491,7092,489,3.32,3.9,3.2,2.9,3.17,4,453,614,449,474,665,473,488,642,485,503,559,500,417,417,409,538,1421,536,3852,3240,475,508,484,494,"South"
"Colorado","0.2",2011,"CO",575,9675,569,3.62,4,3.53,3.3,3.41,4,539,457,534,554,634,559,561,771,559,574,845,568,504,239,507,582,2768,576,5260,4415,558,592,570,569,"West"
"Connecticut","0.2",2011,"CT",513,36774,509,3.24,3.9,3.14,3.1,3.09,3.9,460,2139,459,482,2396,482,497,2704,497,512,2696,511,425,1529,428,551,8294,541,19004,17770,499,528,507,511,"Northeast"
"California","0.45",2011,"CA",517,222658,499,3.39,3.9,3.37,2.8,3.08,3.7,480,24787,463,503,17975,488,519,15119,508,537,13095,524,455,21762,435,564,40266,549,122633,100025,498,536,494,505,"West"
"Arkansas","0.1",2011,"AR",572,1345,568,3.68,4,3.69,2.7,3.57,4.2,555,117,537,548,147,555,569,117,574,564,103,566,528,66,487,594,320,590,718,627,552,592,561,575,"South"
"Arizona","0.3",2011,"AZ",525,22845,517,3.49,3.9,3.46,2.5,3.27,4,489,2323,485,510,2358,505,521,2122,516,531,1848,524,472,1419,465,552,4468,541,12496,10349,506,544,513,521,"West"
"Alaska","0.16",2011,"AK",512,3866,515,3.45,3.8,3.41,2.2,3.11,3.6,478,239,478,499,341,504,510,405,514,515,372,515,441,132,439,531,922,532,2114,1752,495,530,511,519,"West"
"Alabama","0.06",2011,"AL",543,3664,546,3.59,3.9,3.55,2.6,3.43,4,474,286,481,509,291,520,531,289,537,545,328,554,444,185,440,576,973,579,1998,1666,522,564,540,553,"South"
"Alabama","0.06",2012,"AL",534,3879,539,3.59,3.9,3.56,2.5,3.4,4,462,296,470,502,277,517,513,280,528,529,260,535,429,245,435,568,773,573,2191,1688,508,561,528,550,"South"
"Alaska","0.18",2012,"AK",510,4010,512,3.47,3.9,3.41,2.2,3.09,3.7,471,238,470,493,293,500,510,316,517,510,339,512,456,133,464,530,888,532,2265,1745,493,527,509,516,"West"
"Arizona","0.29",2012,"AZ",526,23052,517,3.5,3.9,3.47,2.5,3.27,4,488,2184,481,508,1818,500,513,1640,511,529,1383,519,466,1312,455,547,3721,535,12612,10440,508,545,514,520,"West"
"Arkansas","0.09",2012,"AR",568,1320,565,3.7,4,3.68,2.6,3.57,4.2,525,111,516,552,114,552,563,107,574,578,104,569,500,61,494,579,248,569,727,593,548,589,560,571,"South"
"California","0.46",2012,"CA",514,231964,496,3.39,3.9,3.38,2.8,3.08,3.7,477,21671,459,497,14993,482,516,12083,503,530,9939,517,454,20041,433,563,31484,546,127504,104460,493,535,490,502,"West"
"Connecticut","0.21",2012,"CT",512,36469,505,3.26,3.9,3.16,3.1,3.1,3.9,458,1448,455,480,1611,483,503,1676,502,515,1627,506,420,1072,412,548,5882,539,19063,17406,497,527,504,507,"Northeast"
"Colorado","0.2",2012,"CO",582,8521,575,3.64,4,3.57,3.3,3.46,4.1,550,320,549,568,450,558,565,467,562,576,482,573,515,167,518,590,1943,580,4645,3876,564,601,572,578,"West"
"Delaware","0.14",2012,"DE",462,9838,455,3.25,3.7,3.19,2.7,3.13,3.8,436,530,428,455,493,455,471,505,460,494,418,486,406,418,399,530,1069,518,5086,4752,452,473,458,453,"South"
"Georgia","0.15",2012,"GA",490,73187,488,3.43,3.7,3.37,2.5,3.16,3.8,451,7152,452,470,6203,473,485,5114,486,494,4053,495,426,5589,423,529,9729,524,39725,33462,475,506,485,491,"South"
"Florida","0.29",2012,"FL",494,112057,492,3.39,3.8,3.37,2.5,3.11,4,464,11941,468,484,8685,488,499,6932,500,509,5403,507,430,9899,431,533,12484,527,60919,51138,478,510,490,494,"South"
"Hawaii","0.18",2012,"HI",502,9046,478,3.3,3.9,3.39,2.5,3.03,3.8,471,613,451,484,673,467,481,676,462,507,571,483,452,493,436,543,1089,515,5080,3966,487,517,474,482,"West"
"Illinois","0.24",2012,"IL",615,7351,596,3.66,4,3.65,3.5,3.56,4.1,559,323,548,567,364,560,590,385,578,607,400,585,534,188,510,624,1556,604,3789,3562,595,636,594,598,"Midwest"
"Idaho","0.12",2012,"ID",542,3503,546,3.64,3.9,3.51,2.5,3.37,3.9,511,315,520,527,315,539,532,321,536,540,236,558,508,164,519,562,520,562,1827,1676,522,562,543,550,"West"
"Indiana","0.1",2012,"IN",502,48127,494,3.35,3.9,3.2,2.9,3.1,3.9,465,4463,465,488,4637,482,500,4552,492,512,3619,500,441,2623,437,540,6651,524,26337,21790,483,522,488,500,"Midwest"
"Kansas","0.14",2012,"KS",595,1902,584,3.72,4,3.67,3,3.56,4,529,93,520,573,101,573,583,132,575,605,144,593,534,64,518,605,427,597,1018,884,575,615,585,583,"Midwest"
"Iowa","0.09",2012,"IA",608,1136,603,3.79,4.1,3.72,3.6,3.63,4.2,545,56,553,566,72,580,607,85,604,601,88,598,555,30,530,604,238,598,607,529,585,631,595,611,"Midwest"
"Kentucky","0.06",2012,"KY",577,2526,579,3.75,4,3.69,3.1,3.61,4.1,542,126,549,550,175,564,559,180,568,560,183,574,543,78,532,587,548,588,1344,1182,557,597,576,582,"South"
"Louisiana","0.06",2012,"LA",538,2845,543,3.54,4,3.51,2.8,3.38,4.2,461,206,466,498,182,512,526,198,536,530,170,544,441,175,447,571,558,578,1598,1247,516,561,534,552,"South"
"Maine","0.07",2012,"ME",471,14799,470,3.53,4,3.45,3,3.36,4,520,293,511,526,341,514,533,325,531,542,297,532,476,206,470,553,660,537,7170,7629,465,478,478,462,"Northeast"
"Maryland","0.17",2012,"MD",503,47467,496,3.3,3.9,3.25,2.9,3.07,3.9,454,2360,449,469,2488,467,488,2403,484,503,2371,497,417,1659,415,545,8408,536,25399,22068,488,519,495,498,"South"
"Michigan","0.11",2012,"MI",603,4833,585,3.73,4.1,3.71,3.2,3.6,4.2,550,227,520,561,262,557,586,314,571,604,336,586,519,138,493,615,1027,594,2500,2333,585,622,586,585,"Midwest"
"Massachusetts","0.22",2012,"MA",530,60719,513,3.26,3.9,3.23,3.1,3.15,3.9,487,2593,469,505,2790,490,518,3101,508,530,2899,514,454,2308,431,569,9585,551,31744,28975,514,547,509,517,"Northeast"
"Minnesota","0.14",2012,"MN",608,4053,592,3.73,4,3.69,3.4,3.58,4.1,568,173,535,567,216,557,589,213,583,604,245,595,561,107,512,623,890,609,2218,1835,586,630,588,596,"Midwest"
"Mississippi","0.04",2012,"MS",546,1030,562,3.7,3.9,3.74,2.5,3.63,4.1,496,84,527,498,85,525,549,81,569,534,73,550,441,65,458,584,203,594,571,459,525,568,547,578,"South"
"Montana","0.04",2012,"MT",538,2773,536,3.55,3.9,3.52,2.3,3.22,3.8,506,258,512,523,289,528,537,253,540,546,238,534,487,112,487,558,385,547,1543,1230,520,557,534,539,"West"
"Missouri","0.07",2012,"MO",592,3077,588,3.69,4,3.66,3.3,3.56,4.1,546,123,548,568,169,568,554,170,560,591,184,586,504,81,489,598,698,597,1546,1531,574,611,587,590,"Midwest"
"Nebraska","0.15",2012,"NE",586,1027,576,3.74,4,3.68,3.4,3.6,4.1,526,65,521,562,71,561,606,73,590,597,97,569,526,34,493,594,201,603,546,481,560,612,571,581,"Midwest"
"New Hampshire","0.09",2012,"NH",526,11556,521,3.36,4,3.23,3.1,3.12,3.9,484,585,492,502,705,505,509,785,506,518,763,512,455,299,456,550,2091,540,6134,5422,507,546,518,525,"Northeast"
"Nevada","0.33",2012,"NV",494,11048,490,3.43,3.9,3.35,2.3,3.05,4,464,1220,463,486,1002,486,488,869,492,506,603,500,441,771,441,519,1480,514,6076,4972,477,512,489,492,"West"
"New Jersey","0.29",2012,"NJ",517,84857,494,3.34,3.9,3.32,3,3.19,3.8,470,4343,446,492,4248,472,509,4310,491,526,4120,505,435,3725,410,557,14640,533,44459,40398,501,534,491,498,"Northeast"
"New York","0.3",2012,"NY",501,161430,483,3.34,3.8,3.28,3.1,3.04,3.8,475,9922,457,493,8097,481,508,7500,495,521,6682,506,444,10060,418,554,18616,536,85611,75819,486,516,481,486,"Northeast"
"New Mexico","0.29",2012,"NM",546,2371,550,3.56,3.9,3.55,2.7,3.33,4,502,177,520,517,193,529,515,185,530,538,153,548,517,115,506,572,444,574,1240,1131,530,562,551,549,"West"
"North Carolina","0.15",2012,"NC",507,63271,491,3.49,3.8,3.33,2.4,3.26,3.9,472,6095,457,496,5492,482,508,4771,491,526,3855,508,441,4196,426,557,8605,538,34386,28885,493,522,489,494,"South"
"North Dakota","0.05",2012,"ND",611,189,589,3.76,4.1,3.76,2.9,3.66,4.2,528,12,585,545,19,578,589,16,634,527,18,539,0,3,0,471,41,472,101,88,590,633,574,604,"Midwest"
"Ohio","0.07",2012,"OH",553,24895,543,3.55,3.9,3.45,3.2,3.43,4.1,496,1358,493,524,1613,521,537,1750,533,554,1698,541,476,726,469,573,4848,560,13155,11740,534,572,540,547,"Midwest"
"Oklahoma","0.12",2012,"OK",567,1996,568,3.73,3.9,3.72,2.7,3.59,4.1,506,140,508,540,161,554,564,142,571,558,119,566,486,59,486,571,402,578,1070,926,546,589,562,574,"South"
"Pennsylvania","0.12",2012,"PA",502,104220,491,3.45,3.9,3.33,2.8,3.28,3.9,465,7017,460,487,7972,479,499,7916,490,514,6477,502,435,4343,427,545,14781,531,55563,48657,485,519,488,495,"Northeast"
"Oregon","0.2",2012,"OR",524,18813,521,3.52,3.9,3.48,2.7,3.27,3.8,489,1657,487,509,1674,509,520,1571,520,528,1198,525,474,1003,474,550,2664,547,10355,8458,505,544,517,525,"West"
"Rhode Island","0.22",2012,"RI",493,8265,490,3.29,3.9,3.22,3.1,3.04,3.9,450,426,449,479,449,478,491,500,494,502,427,500,416,365,418,532,1124,527,4510,3755,476,510,487,494,"Northeast"
"South Carolina","0.08",2012,"SC",489,26777,481,3.43,3.9,3.34,2.7,3.27,4,454,2891,450,475,2517,471,492,2294,482,508,1830,498,425,2126,413,528,3712,516,14629,12148,475,504,478,484,"South"
"Tennessee","0.08",2012,"TN",571,5685,576,3.68,4,3.61,3,3.55,4.1,521,304,536,534,390,547,551,372,560,553,329,568,493,142,498,586,1266,589,2982,2703,553,589,573,579,"South"
"South Dakota","0.06",2012,"SD",610,262,589,3.72,4,3.73,2.7,3.67,4.3,522,20,517,629,29,604,555,23,592,607,29,607,480,8,493,480,38,489,131,131,583,637,580,598,"Midwest"
"Texas","0.36",2012,"TX",499,172802,474,3.44,3.8,3.4,2.6,3.25,3.9,472,14843,446,492,11491,472,504,9007,485,520,7714,499,443,12087,416,546,21080,524,92420,80382,485,514,472,477,"South"
"Vermont","0.05",2012,"VT",524,4987,519,3.45,3.9,3.35,2.9,3.23,3.9,502,271,505,507,373,513,520,378,514,531,291,527,465,143,470,557,665,548,2684,2303,506,543,517,522,"Northeast"
"Utah","0.14",2012,"UT",567,1954,567,3.75,4,3.67,2.9,3.54,3.9,537,75,556,547,100,550,571,116,559,585,128,583,516,53,490,576,426,578,1037,917,547,588,563,572,"West"
"Virginia","0.15",2012,"VA",512,61655,510,3.41,3.9,3.22,3.3,3.15,4.1,464,3879,463,483,3869,483,496,3710,499,513,3513,513,438,2649,437,545,11036,541,32650,29005,496,529,508,513,"South"
"West Virginia","0.02",2012,"WV",504,2872,516,3.64,4,3.53,2.6,3.42,4.2,479,266,497,472,278,497,488,280,508,502,245,502,459,138,474,524,604,536,1594,1278,484,525,514,519,"South"
"Washington","0.22",2012,"WA",531,39019,519,3.52,3.9,3.45,2.6,3.22,3.9,492,2750,482,512,2774,504,520,2810,515,539,2592,529,465,1924,452,558,6521,546,21159,17860,513,550,516,523,"West"
"Wisconsin","0.12",2012,"WI",606,2782,594,3.73,4.1,3.69,3.6,3.6,4.1,554,133,542,582,156,561,580,164,574,599,187,593,567,54,525,618,593,603,1486,1296,586,627,592,596,"Midwest"
"Wyoming","0.07",2012,"WY",580,276,567,3.73,4.1,3.66,3.1,3.55,4.2,577,13,596,579,22,575,542,23,559,611,21,625,532,6,515,550,60,568,155,121,570,590,570,564,"West"
"Wyoming","0.06",2014,"WY",599,172,590,3.79,4.1,3.73,3.3,3.68,4.3,643,8,634,616,25,589,563,13,615,566,21,569,0,1,0,476,54,482,87,85,576,622,586,595,"West"
"Wisconsin","0.11",2014,"WI",610,2522,596,3.78,4.1,3.7,3.6,3.64,4.1,555,117,546,572,199,563,601,228,598,606,203,598,558,67,516,618,796,607,1361,1161,588,632,591,602,"Midwest"
"Washington","0.22",2014,"WA",519,41277,510,3.52,3.9,3.46,2.6,3.22,3.9,486,3609,476,507,3563,502,521,3606,519,535,3374,529,453,2645,440,559,9344,551,22213,19064,504,535,508,512,"West"
"West Virginia","0.02",2014,"WV",508,2552,517,3.68,4,3.55,2.6,3.47,4.2,466,272,486,494,302,514,494,299,511,511,295,522,454,139,473,523,651,533,1460,1092,486,530,512,522,"South"
"Virginia","0.15",2014,"VA",516,59906,518,3.46,3.9,3.28,3.3,3.16,4.1,466,4590,468,484,4630,491,497,4597,505,514,4331,520,441,2990,442,546,14395,548,31860,28046,502,531,516,520,"South"
"Utah","0.14",2014,"UT",568,1700,571,3.76,4,3.68,2.9,3.57,4,537,80,537,558,104,546,559,132,571,588,162,596,516,51,485,586,530,593,878,822,550,587,569,573,"West"
"Vermont","0.05",2014,"VT",526,4590,522,3.48,3.9,3.41,3,3.26,3.9,488,370,496,511,465,514,523,505,522,537,426,529,459,184,460,562,924,554,2449,2141,510,543,519,526,"Northeast"
"Texas","0.36",2014,"TX",496,179036,476,3.48,3.8,3.44,2.7,3.28,3.9,470,18634,450,489,14952,475,501,12201,489,517,10828,503,440,15539,417,545,30152,528,95548,83488,483,509,473,479,"South"
"South Dakota","0.06",2014,"SD",609,250,604,3.81,4.1,3.77,2.9,3.69,4.4,534,17,569,585,28,585,601,20,626,618,35,631,567,7,579,493,62,514,126,124,590,629,595,613,"Midwest"
"Tennessee","0.09",2014,"TN",570,4980,578,3.7,4,3.64,3.1,3.59,4.1,518,281,539,532,342,547,545,345,564,562,373,576,496,142,503,583,1407,590,2624,2356,552,589,573,583,"South"
"South Carolina","0.09",2014,"SC",491,26002,488,3.49,4,3.39,2.7,3.32,4,454,3003,454,477,2826,478,488,2596,489,505,2153,502,426,2129,426,531,4541,524,14214,11788,477,506,485,491,"South"
"Rhode Island","0.21",2014,"RI",497,7966,498,3.34,3.9,3.29,3.1,3.14,3.9,470,504,472,481,587,484,492,622,505,517,642,513,423,441,427,541,1722,539,4332,3634,481,514,493,503,"Northeast"
"Pennsylvania","0.11",2014,"PA",505,99460,497,3.49,3.9,3.39,2.8,3.32,3.9,471,7897,466,490,9046,486,503,9569,498,514,8283,506,434,5156,428,548,19776,535,52893,46567,489,521,493,501,"Northeast"
"Oregon","0.21",2014,"OR",524,17849,524,3.55,3.9,3.51,2.7,3.31,3.9,487,1780,492,505,1935,511,517,1879,524,528,1521,529,472,1145,471,557,3774,556,9977,7872,505,543,519,529,"West"
"Oklahoma","0.12",2014,"OK",572,1725,576,3.74,4,3.7,2.7,3.58,4.1,530,125,535,549,168,556,557,136,570,575,155,588,501,65,507,587,505,587,905,820,549,595,569,583,"South"
"Ohio","0.07",2014,"OH",563,19040,555,3.6,4,3.51,3.3,3.49,4.2,516,1129,515,531,1469,533,547,1721,547,561,1815,554,478,667,473,578,5590,568,10076,8964,545,582,551,560,"Midwest"
"North Dakota","0.04",2014,"ND",619,162,611,3.84,4.1,3.77,2.8,3.76,4.4,588,8,631,537,10,577,548,11,586,635,26,628,520,6,537,487,46,505,79,83,605,634,588,635,"Midwest"
"North Carolina","0.15",2014,"NC",508,57997,499,3.54,3.9,3.42,2.5,3.33,4,467,6453,461,491,5944,484,505,5281,499,521,4423,514,438,4460,430,552,10318,540,32008,25989,494,523,496,502,"South"
"New Mexico","0.33",2014,"NM",544,2316,548,3.54,3.9,3.54,2.7,3.37,4.1,505,231,515,527,223,526,525,218,542,539,205,551,496,192,477,571,561,577,1240,1076,528,560,547,550,"West"
"New York","0.3",2014,"NY",502,154809,488,3.38,3.8,3.33,3.1,3.11,3.8,479,13659,463,495,11218,486,510,10568,500,521,9751,509,448,13196,424,550,27091,535,81801,73008,489,516,485,491,"Northeast"
"New Jersey","0.28",2014,"NJ",523,83431,500,3.38,3.9,3.38,3,3.24,3.8,480,5707,457,499,5425,478,509,5326,492,527,5478,507,444,4605,419,559,20090,536,43729,39702,509,538,497,504,"Northeast"
"Nevada","0.33",2014,"NV",496,11663,495,3.43,3.9,3.38,2.3,3.07,4,474,1620,472,490,1450,490,502,1174,504,510,902,514,444,978,447,530,2008,528,6435,5228,479,513,492,498,"West"
"New Hampshire","0.06",2014,"NH",531,11066,524,3.41,4,3.26,3,3.16,3.9,493,688,495,503,829,502,514,1068,506,521,985,519,459,345,463,553,2899,542,5800,5266,513,549,520,528,"Northeast"
"Nebraska","0.14",2014,"NE",592,772,590,3.78,4.1,3.67,3.4,3.55,4.1,540,65,545,568,74,568,569,65,581,582,70,595,527,29,542,607,214,607,450,322,564,620,584,596,"Midwest"
"Missouri","0.06",2014,"MO",596,2719,595,3.71,4,3.66,3.3,3.58,4.1,540,147,554,559,166,563,580,185,587,588,220,593,518,82,501,608,882,608,1359,1360,578,615,597,593,"Midwest"
"Montana","0.03",2014,"MT",553,1651,555,3.67,4,3.63,2.5,3.4,3.9,531,146,548,546,197,546,560,215,554,561,177,548,511,61,509,566,388,570,911,740,537,570,555,555,"West"
"Mississippi","0.04",2014,"MS",568,894,584,3.77,4,3.74,2.5,3.65,4.1,496,75,518,541,94,560,555,80,587,564,68,603,497,43,518,581,244,592,487,407,546,590,574,595,"South"
"Minnesota","0.14",2014,"MN",612,3523,598,3.73,4,3.71,3.4,3.6,4.1,563,152,548,579,197,564,588,288,591,598,313,589,549,79,518,625,1137,613,1882,1641,589,635,596,600,"Midwest"
"Michigan","0.1",2014,"MI",611,4027,593,3.78,4.1,3.76,3.2,3.67,4.2,565,184,540,579,268,554,596,312,591,609,366,590,530,115,501,624,1244,606,2091,1936,590,632,587,600,"Midwest"
"Massachusetts","0.22",2014,"MA",531,60451,516,3.32,3.9,3.27,3.1,3.2,4,486,3573,471,506,3793,494,520,4363,511,530,4268,518,453,3007,432,566,14641,551,31787,28664,516,547,512,521,"Northeast"
"Maryland","0.17",2014,"MD",495,49665,492,3.31,3.9,3.28,2.9,3.09,3.9,461,2591,458,476,2608,477,496,2695,496,512,2573,511,418,2005,419,548,10469,542,26323,23342,482,508,493,492,"South"
"Maine","0.04",2014,"ME",471,14118,467,3.56,3.9,3.51,2.9,3.39,3.9,494,282,495,520,329,520,535,383,534,555,298,544,468,195,461,569,810,556,7066,7052,465,477,475,460,"Northeast"
"Louisiana","0.06",2014,"LA",559,2114,562,3.6,4,3.57,2.9,3.48,4.2,491,143,497,522,159,525,540,156,552,566,165,570,468,101,466,573,596,576,1190,924,537,581,552,572,"South"
"Kentucky","0.06",2014,"KY",586,1944,589,3.78,4,3.73,3,3.65,4.1,556,107,559,550,145,562,574,187,589,576,161,582,506,67,493,596,617,597,1048,896,566,606,586,592,"South"
"Iowa","0.09",2014,"IA",612,1041,606,3.81,4.1,3.75,3.5,3.65,4.2,542,53,543,565,94,578,581,97,594,619,123,615,512,21,508,637,344,626,545,496,590,635,600,612,"Midwest"
"Kansas","0.13",2014,"KS",597,1683,591,3.74,4,3.7,3.1,3.56,4,556,83,554,551,109,561,571,135,579,581,145,590,525,44,519,617,556,608,899,784,582,612,590,592,"Midwest"
"Indiana","0.09",2014,"IN",502,47842,497,3.42,3.9,3.26,2.9,3.16,3.9,468,5237,469,487,5535,488,497,5463,494,514,4697,506,440,3080,445,539,9366,530,26459,21383,484,520,492,503,"Midwest"
"Idaho","0.12",2014,"ID",456,18078,458,3.28,3.6,3.22,1.8,2.99,3.5,451,1417,456,471,1352,474,484,1187,489,498,748,495,412,1024,419,505,1509,502,9017,9061,447,466,463,454,"West"
"Illinois","0.24",2014,"IL",616,6468,599,3.69,4,3.68,3.5,3.6,4.1,570,302,552,593,396,568,599,456,584,604,459,591,548,206,522,629,2117,612,3301,3167,597,636,596,603,"Midwest"
"Hawaii","0.19",2014,"HI",506,8211,484,3.36,3.9,3.44,2.5,3.11,3.9,477,697,459,483,709,465,481,741,470,505,652,486,443,548,425,541,1399,516,4664,3547,492,520,481,487,"West"
"Florida","0.28",2014,"FL",485,115437,491,3.44,3.8,3.41,2.5,3.14,4,465,13017,477,485,10070,495,497,7911,507,510,6347,516,426,10802,436,531,15471,530,62612,52825,471,500,490,493,"South"
"Georgia","0.15",2014,"GA",485,73626,488,3.46,3.7,3.41,2.5,3.25,3.8,453,7414,458,469,6580,477,480,5722,488,495,4673,500,424,5770,428,527,11287,528,39798,33828,472,499,486,490,"South"
"Delaware","0.15",2014,"DE",460,9727,455,3.38,3.8,3.29,2.9,3.23,3.9,442,516,434,458,487,459,482,501,481,500,434,495,400,454,402,532,1239,521,5017,4710,451,469,459,452,"South"
"Connecticut","0.21",2014,"CT",510,36370,507,3.31,3.9,3.22,3.2,3.14,3.9,463,2039,467,486,2209,488,495,2399,501,516,2477,515,419,1534,424,551,9128,544,18856,17514,496,525,506,509,"Northeast"
"Colorado","0.21",2014,"CO",588,7298,582,3.7,4,3.63,3.4,3.49,4.1,553,324,547,562,486,556,578,581,576,581,655,579,536,166,529,596,2631,592,3980,3318,568,608,579,585,"West"
"California","0.44",2014,"CA",512,236923,498,3.42,3.9,3.41,2.8,3.11,3.8,476,28915,463,496,20361,486,514,16009,506,531,13196,522,451,25805,437,561,42660,549,130623,106300,492,532,492,505,"West"
"Arkansas","0.1",2014,"AR",574,1222,574,3.78,4,3.71,2.7,3.61,4.3,532,125,537,556,129,550,550,99,570,587,101,582,532,63,507,583,342,594,690,532,549,599,562,586,"South"
"Arizona","0.28",2014,"AZ",527,22624,522,3.51,3.9,3.49,2.5,3.3,4,492,2422,491,508,2348,508,519,2185,522,533,1995,529,474,1493,468,550,5195,543,12513,10111,509,545,518,527,"West"
"Alaska","0.15",2014,"AK",504,3943,507,3.47,3.9,3.41,2.2,3.1,3.8,470,254,494,491,322,492,508,386,518,505,366,519,452,162,445,530,1015,529,2169,1774,490,519,505,510,"West"
"Alabama","0.05",2014,"AL",541,3172,548,3.63,3.9,3.6,2.5,3.46,4,474,252,486,492,234,509,533,264,542,550,240,556,443,203,444,564,901,574,1802,1370,516,566,537,559,"South"
